variant,duration_seconds,fold,raw_pa_id,session_uid,end_time,source_row_end,fms_bin,missing_slice,near_update_event,flat_interval,y_true,y_pred,update_event_true,future_5s_delta_true,future_10s_delta_true,curve_rank,session_mae
dynamic,120.0,2,PA21,PA21_Base_5_34_52_PM,122.4387,239,5-10,complete_dynamic,0,1,8.0,7.748466968536377,0.0,0.0,0.0,low_error,0.7498645702997844
dynamic,120.0,2,PA21,PA21_Base_5_34_52_PM,122.9408,240,5-10,complete_dynamic,0,1,8.0,7.762632369995117,0.0,0.0,0.0,low_error,0.7498645702997844
dynamic,120.0,2,PA21,PA21_Base_5_34_52_PM,123.4477,241,5-10,complete_dynamic,0,1,8.0,7.7762227058410645,0.0,0.0,0.0,low_error,0.7498645702997844
dynamic,120.0,2,PA21,PA21_Base_5_34_52_PM,123.9559,242,5-10,complete_dynamic,0,1,8.0,7.794763088226318,0.0,0.0,0.0,low_error,0.7498645702997844
dynamic,120.0,2,PA21,PA21_Base_5_34_52_PM,124.4788,243,5-10,complete_dynamic,0,1,8.0,7.799450397491455,0.0,0.0,0.0,low_error,0.7498645702997844
dynamic,120.0,2,PA21,PA21_Base_5_34_52_PM,124.9821,244,5-10,complete_dynamic,0,1,8.0,7.804027080535889,0.0,0.0,0.0,low_error,0.7498645702997844
dynamic,120.0,2,PA21,PA21_Base_5_34_52_PM,125.5176,245,5-10,complete_dynamic,0,1,8.0,7.810120582580566,0.0,0.0,0.0,low_error,0.7498645702997844
dynamic,120.0,2,PA21,PA21_Base_5_34_52_PM,126.0251,246,5-10,complete_dynamic,0,1,8.0,7.85221529006958,0.0,0.0,0.0,low_error,0.7498645702997844
dynamic,120.0,2,PA21,PA21_Base_5_34_52_PM,126.5571,247,5-10,complete_dynamic,0,1,8.0,7.857695579528809,0.0,0.0,0.0,low_error,0.7498645702997844
dynamic,120.0,2,PA21,PA21_Base_5_34_52_PM,127.0666,248,5-10,complete_dynamic,0,1,8.0,7.829408168792725,0.0,0.0,0.0,low_error,0.7498645702997844
dynamic,120.0,2,PA21,PA21_Base_5_34_52_PM,127.5766,249,5-10,complete_dynamic,0,1,8.0,7.821195602416992,0.0,0.0,0.0,low_error,0.7498645702997844
dynamic,120.0,2,PA21,PA21_Base_5_34_52_PM,128.0856,250,5-10,complete_dynamic,0,1,8.0,7.845259189605713,0.0,0.0,0.0,low_error,0.7498645702997844
dynamic,120.0,2,PA21,PA21_Base_5_34_52_PM,128.5932,251,5-10,complete_dynamic,0,1,8.0,7.919346809387207,0.0,0.0,0.0,low_error,0.7498645702997844
dynamic,120.0,2,PA21,PA21_Base_5_34_52_PM,129.0994,252,5-10,complete_dynamic,0,1,8.0,7.935079574584961,0.0,0.0,0.0,low_error,0.7498645702997844
dynamic,120.0,2,PA21,PA21_Base_5_34_52_PM,129.6096,253,5-10,complete_dynamic,0,1,8.0,7.85868501663208,0.0,0.0,0.0,low_error,0.7498645702997844
dynamic,120.0,2,PA21,PA21_Base_5_34_52_PM,130.1441,254,5-10,complete_dynamic,0,1,8.0,7.861720561981201,0.0,0.0,0.0,low_error,0.7498645702997844
dynamic,120.0,2,PA21,PA21_Base_5_34_52_PM,130.6449,255,5-10,complete_dynamic,0,1,8.0,7.865377902984619,0.0,0.0,0.0,low_error,0.7498645702997844
dynamic,120.0,2,PA21,PA21_Base_5_34_52_PM,131.1467,256,5-10,complete_dynamic,0,1,8.0,7.832004070281982,0.0,0.0,0.0,low_error,0.7498645702997844
dynamic,120.0,2,PA21,PA21_Base_5_34_52_PM,131.6549,257,5-10,complete_dynamic,0,1,8.0,7.816005706787109,0.0,0.0,0.0,low_error,0.7498645702997844
dynamic,120.0,2,PA21,PA21_Base_5_34_52_PM,132.1613,258,5-10,complete_dynamic,0,1,8.0,7.81043004989624,0.0,0.0,0.0,low_error,0.7498645702997844
dynamic,120.0,2,PA21,PA21_Base_5_34_52_PM,132.6704,259,5-10,complete_dynamic,0,1,8.0,7.816118240356445,0.0,0.0,0.0,low_error,0.7498645702997844
dynamic,120.0,2,PA21,PA21_Base_5_34_52_PM,133.1786,260,5-10,complete_dynamic,0,1,8.0,7.826785564422607,0.0,0.0,0.0,low_error,0.7498645702997844
dynamic,120.0,2,PA21,PA21_Base_5_34_52_PM,133.7135,261,5-10,complete_dynamic,0,1,8.0,7.818492412567139,0.0,0.0,0.0,low_error,0.7498645702997844
dynamic,120.0,2,PA21,PA21_Base_5_34_52_PM,134.2179,262,5-10,complete_dynamic,0,1,8.0,7.795640468597412,0.0,0.0,0.0,low_error,0.7498645702997844
dynamic,120.0,2,PA21,PA21_Base_5_34_52_PM,134.7545,263,5-10,complete_dynamic,0,1,8.0,7.817216873168945,0.0,0.0,1.0,low_error,0.7498645702997844
dynamic,120.0,2,PA21,PA21_Base_5_34_52_PM,135.257,264,5-10,complete_dynamic,0,1,8.0,7.9494853019714355,0.0,0.0,2.0,low_error,0.7498645702997844
dynamic,120.0,2,PA21,PA21_Base_5_34_52_PM,135.7585,265,5-10,complete_dynamic,0,1,8.0,7.951873302459717,0.0,0.0,2.0,low_error,0.7498645702997844
dynamic,120.0,2,PA21,PA21_Base_5_34_52_PM,136.2601,266,5-10,complete_dynamic,0,1,8.0,7.943121433258057,0.0,0.0,2.0,low_error,0.7498645702997844
dynamic,120.0,2,PA21,PA21_Base_5_34_52_PM,136.761,267,5-10,complete_dynamic,0,1,8.0,7.909779071807861,0.0,0.0,2.0,low_error,0.7498645702997844
dynamic,120.0,2,PA21,PA21_Base_5_34_52_PM,137.2667,268,5-10,complete_dynamic,0,1,8.0,7.862718105316162,0.0,0.0,2.0,low_error,0.7498645702997844
dynamic,120.0,2,PA21,PA21_Base_5_34_52_PM,137.777,269,5-10,complete_dynamic,0,1,8.0,7.840552806854248,0.0,0.0,2.0,low_error,0.7498645702997844
dynamic,120.0,2,PA21,PA21_Base_5_34_52_PM,138.281,270,5-10,complete_dynamic,0,1,8.0,7.875977516174316,0.0,0.0,2.0,low_error,0.7498645702997844
dynamic,120.0,2,PA21,PA21_Base_5_34_52_PM,138.7908,271,5-10,complete_dynamic,0,1,8.0,7.961284160614014,0.0,0.0,2.0,low_error,0.7498645702997844
dynamic,120.0,2,PA21,PA21_Base_5_34_52_PM,139.3,272,5-10,complete_dynamic,0,1,8.0,8.066885948181152,0.0,0.0,2.0,low_error,0.7498645702997844
dynamic,120.0,2,PA21,PA21_Base_5_34_52_PM,139.8016,273,5-10,complete_dynamic,0,1,8.0,7.421850204467773,0.0,1.0,2.0,low_error,0.7498645702997844
dynamic,120.0,2,PA21,PA21_Base_5_34_52_PM,140.311,274,5-10,complete_dynamic,0,1,8.0,7.364982604980469,0.0,2.0,2.0,low_error,0.7498645702997844
dynamic,120.0,2,PA21,PA21_Base_5_34_52_PM,140.8271,275,5-10,complete_dynamic,0,1,8.0,7.545320510864258,0.0,2.0,2.0,low_error,0.7498645702997844
dynamic,120.0,2,PA21,PA21_Base_5_34_52_PM,141.3302,276,5-10,complete_dynamic,0,1,8.0,7.752122402191162,0.0,2.0,2.0,low_error,0.7498645702997844
dynamic,120.0,2,PA21,PA21_Base_5_34_52_PM,141.8414,277,5-10,complete_dynamic,0,1,8.0,7.838283061981201,0.0,2.0,1.0,low_error,0.7498645702997844
dynamic,120.0,2,PA21,PA21_Base_5_34_52_PM,142.3432,278,5-10,complete_dynamic,0,1,8.0,7.896426677703857,0.0,2.0,0.0,low_error,0.7498645702997844
dynamic,120.0,2,PA21,PA21_Base_5_34_52_PM,142.8523,279,5-10,complete_dynamic,0,1,8.0,7.984075546264648,0.0,2.0,-3.0,low_error,0.7498645702997844
dynamic,120.0,2,PA21,PA21_Base_5_34_52_PM,143.3634,280,5-10,complete_dynamic,0,1,8.0,8.02220630645752,0.0,2.0,-3.0,low_error,0.7498645702997844
dynamic,120.0,2,PA21,PA21_Base_5_34_52_PM,143.871,281,5-10,complete_dynamic,0,1,8.0,8.031073570251465,0.0,2.0,-3.0,low_error,0.7498645702997844
dynamic,120.0,2,PA21,PA21_Base_5_34_52_PM,144.3802,282,5-10,complete_dynamic,0,1,8.0,8.265913963317871,0.0,2.0,-3.0,low_error,0.7498645702997844
dynamic,120.0,2,PA21,PA21_Base_5_34_52_PM,144.8844,283,5-10,complete_dynamic,1,0,9.0,8.488431930541992,1.0,1.0,-4.0,low_error,0.7498645702997844
dynamic,120.0,2,PA21,PA21_Base_5_34_52_PM,145.4084,284,10-15,complete_dynamic,1,0,10.0,8.566825866699219,1.0,0.0,-5.0,low_error,0.7498645702997844
dynamic,120.0,2,PA21,PA21_Base_5_34_52_PM,145.9183,285,10-15,complete_dynamic,0,1,10.0,8.454288482666016,0.0,0.0,-5.0,low_error,0.7498645702997844
dynamic,120.0,2,PA21,PA21_Base_5_34_52_PM,146.4253,286,10-15,complete_dynamic,0,1,10.0,8.452738761901855,0.0,0.0,-5.0,low_error,0.7498645702997844
dynamic,120.0,2,PA21,PA21_Base_5_34_52_PM,146.9373,287,10-15,complete_dynamic,0,1,10.0,8.429509162902832,0.0,-1.0,-5.0,low_error,0.7498645702997844
dynamic,120.0,2,PA21,PA21_Base_5_34_52_PM,147.4375,288,10-15,complete_dynamic,0,1,10.0,8.403682708740234,0.0,-2.0,-5.0,low_error,0.7498645702997844
dynamic,120.0,2,PA21,PA21_Base_5_34_52_PM,147.9622,289,10-15,complete_dynamic,0,1,10.0,8.395427703857422,0.0,-5.0,-5.0,low_error,0.7498645702997844
dynamic,120.0,2,PA21,PA21_Base_5_34_52_PM,148.4677,290,10-15,complete_dynamic,0,1,10.0,8.386113166809082,0.0,-5.0,-5.0,low_error,0.7498645702997844
dynamic,120.0,2,PA21,PA21_Base_5_34_52_PM,148.9796,291,10-15,complete_dynamic,0,1,10.0,8.378179550170898,0.0,-5.0,-5.0,low_error,0.7498645702997844
dynamic,120.0,2,PA21,PA21_Base_5_34_52_PM,149.4807,292,10-15,complete_dynamic,0,1,10.0,8.368906021118164,0.0,-5.0,-5.0,low_error,0.7498645702997844
dynamic,120.0,2,PA21,PA21_Base_5_34_52_PM,149.993,293,10-15,complete_dynamic,0,1,10.0,8.380615234375,0.0,-5.0,-3.0,low_error,0.7498645702997844
dynamic,120.0,2,PA21,PA21_Base_5_34_52_PM,150.4983,294,10-15,complete_dynamic,0,1,10.0,8.388932228088379,0.0,-5.0,-2.0,low_error,0.7498645702997844
dynamic,120.0,2,PA21,PA21_Base_5_34_52_PM,151.0104,295,10-15,complete_dynamic,0,1,10.0,8.409584045410156,0.0,-5.0,-1.0,low_error,0.7498645702997844
dynamic,120.0,2,PA21,PA21_Base_5_34_52_PM,151.5487,296,10-15,complete_dynamic,0,1,10.0,8.407739639282227,0.0,-5.0,-1.0,low_error,0.7498645702997844
dynamic,120.0,2,PA21,PA21_Base_5_34_52_PM,152.0535,297,5-10,complete_dynamic,1,0,9.0,8.40468978881836,1.0,-4.0,0.0,low_error,0.7498645702997844
dynamic,120.0,2,PA21,PA21_Base_5_34_52_PM,152.5637,298,5-10,complete_dynamic,1,0,8.0,8.4047212600708,1.0,-3.0,1.0,low_error,0.7498645702997844
dynamic,120.0,2,PA21,PA21_Base_5_34_52_PM,153.0751,299,5-10,complete_dynamic,1,0,5.0,7.531546115875244,1.0,0.0,5.0,low_error,0.7498645702997844
dynamic,120.0,2,PA21,PA21_Base_5_34_52_PM,153.5804,300,5-10,complete_dynamic,0,1,5.0,7.890361309051514,0.0,0.0,4.0,low_error,0.7498645702997844
dynamic,120.0,2,PA21,PA21_Base_5_34_52_PM,154.1013,301,5-10,complete_dynamic,0,1,5.0,7.792301654815674,0.0,0.0,3.0,low_error,0.7498645702997844
dynamic,120.0,2,PA21,PA21_Base_5_34_52_PM,154.6049,302,5-10,complete_dynamic,0,1,5.0,7.860097408294678,0.0,0.0,3.0,low_error,0.7498645702997844
dynamic,120.0,2,PA21,PA21_Base_5_34_52_PM,155.1053,303,5-10,complete_dynamic,0,1,5.0,7.889484882354736,0.0,2.0,3.0,low_error,0.7498645702997844
dynamic,120.0,2,PA21,PA21_Base_5_34_52_PM,155.6136,304,5-10,complete_dynamic,0,1,5.0,7.9150166511535645,0.0,3.0,3.0,low_error,0.7498645702997844
dynamic,120.0,2,PA21,PA21_Base_5_34_52_PM,156.1167,305,5-10,complete_dynamic,0,1,5.0,7.910539150238037,0.0,4.0,3.0,low_error,0.7498645702997844
dynamic,120.0,2,PA21,PA21_Base_5_34_52_PM,156.6423,306,5-10,complete_dynamic,0,1,5.0,7.886845588684082,0.0,4.0,3.0,low_error,0.7498645702997844
dynamic,120.0,2,PA21,PA21_Base_5_34_52_PM,157.1489,307,5-10,complete_dynamic,0,1,5.0,7.900940418243408,0.0,4.0,3.0,low_error,0.7498645702997844
dynamic,120.0,2,PA21,PA21_Base_5_34_52_PM,157.6596,308,5-10,complete_dynamic,0,1,5.0,7.85574197769165,0.0,4.0,3.0,low_error,0.7498645702997844
dynamic,120.0,2,PA21,PA21_Base_5_34_52_PM,158.1677,309,5-10,complete_dynamic,0,1,5.0,7.7426276206970215,0.0,5.0,3.0,low_error,0.7498645702997844
dynamic,120.0,2,PA21,PA21_Base_5_34_52_PM,158.6706,310,5-10,complete_dynamic,0,1,5.0,7.796142101287842,0.0,4.0,3.0,low_error,0.7498645702997844
dynamic,120.0,2,PA21,PA21_Base_5_34_52_PM,159.1957,311,5-10,complete_dynamic,0,1,5.0,7.147981643676758,0.0,3.0,3.0,low_error,0.7498645702997844
dynamic,120.0,2,PA21,PA21_Base_5_34_52_PM,159.7051,312,5-10,complete_dynamic,0,1,5.0,7.047221660614014,0.0,3.0,3.0,low_error,0.7498645702997844
dynamic,120.0,2,PA21,PA21_Base_5_34_52_PM,160.2279,313,5-10,complete_dynamic,1,0,7.0,7.560302257537842,1.0,1.0,1.0,low_error,0.7498645702997844
dynamic,120.0,2,PA21,PA21_Base_5_34_52_PM,160.7366,314,5-10,complete_dynamic,1,0,8.0,7.541679382324219,1.0,0.0,0.0,low_error,0.7498645702997844
dynamic,120.0,2,PA21,PA21_Base_5_34_52_PM,161.2436,315,5-10,complete_dynamic,1,0,9.0,7.605862140655518,1.0,-1.0,-1.0,low_error,0.7498645702997844
dynamic,120.0,2,PA21,PA21_Base_5_34_52_PM,161.7574,316,5-10,complete_dynamic,0,1,9.0,7.644361972808838,0.0,-1.0,-1.0,low_error,0.7498645702997844
dynamic,120.0,2,PA21,PA21_Base_5_34_52_PM,162.261,317,5-10,complete_dynamic,0,1,9.0,7.578650951385498,0.0,-1.0,-1.0,low_error,0.7498645702997844
dynamic,120.0,2,PA21,PA21_Base_5_34_52_PM,162.7784,318,5-10,complete_dynamic,0,1,9.0,7.622542858123779,0.0,-1.0,-1.0,low_error,0.7498645702997844
dynamic,120.0,2,PA21,PA21_Base_5_34_52_PM,163.2884,319,10-15,complete_dynamic,1,0,10.0,7.7065510749816895,1.0,-2.0,-2.0,low_error,0.7498645702997844
dynamic,120.0,2,PA21,PA21_Base_5_34_52_PM,163.7896,320,5-10,complete_dynamic,1,0,9.0,7.774541854858398,1.0,-1.0,-1.0,low_error,0.7498645702997844
dynamic,120.0,2,PA21,PA21_Base_5_34_52_PM,164.2963,321,5-10,complete_dynamic,1,0,8.0,7.809445858001709,1.0,0.0,0.0,low_error,0.7498645702997844
dynamic,120.0,2,PA21,PA21_Base_5_34_52_PM,164.7995,322,5-10,complete_dynamic,0,1,8.0,7.923453330993652,0.0,0.0,0.0,low_error,0.7498645702997844
dynamic,120.0,2,PA21,PA21_Base_5_34_52_PM,165.3098,323,5-10,complete_dynamic,0,1,8.0,7.91282320022583,0.0,0.0,0.0,low_error,0.7498645702997844
dynamic,120.0,2,PA21,PA21_Base_5_34_52_PM,165.8244,324,5-10,complete_dynamic,0,1,8.0,7.996480464935303,0.0,0.0,0.0,low_error,0.7498645702997844
dynamic,120.0,2,PA21,PA21_Base_5_34_52_PM,166.3332,325,5-10,complete_dynamic,0,1,8.0,8.023797988891602,0.0,0.0,0.0,low_error,0.7498645702997844
dynamic,120.0,2,PA21,PA21_Base_5_34_52_PM,166.8353,326,5-10,complete_dynamic,0,1,8.0,8.042722702026367,0.0,0.0,0.0,low_error,0.7498645702997844
dynamic,120.0,2,PA21,PA21_Base_5_34_52_PM,167.3386,327,5-10,complete_dynamic,0,1,8.0,8.00732135772705,0.0,0.0,0.0,low_error,0.7498645702997844
dynamic,120.0,2,PA21,PA21_Base_5_34_52_PM,167.8459,328,5-10,complete_dynamic,0,1,8.0,7.9670796394348145,0.0,0.0,0.0,low_error,0.7498645702997844
dynamic,120.0,2,PA21,PA21_Base_5_34_52_PM,168.3576,329,5-10,complete_dynamic,0,1,8.0,7.932167053222656,0.0,0.0,0.0,low_error,0.7498645702997844
dynamic,120.0,2,PA21,PA21_Base_5_34_52_PM,168.8938,330,5-10,complete_dynamic,0,1,8.0,7.904111385345459,0.0,0.0,0.0,low_error,0.7498645702997844
dynamic,120.0,2,PA21,PA21_Base_5_34_52_PM,169.3967,331,5-10,complete_dynamic,0,1,8.0,7.857335567474365,0.0,0.0,0.0,low_error,0.7498645702997844
dynamic,120.0,2,PA21,PA21_Base_5_34_52_PM,169.9081,332,5-10,complete_dynamic,0,1,8.0,7.875538349151611,0.0,0.0,0.0,low_error,0.7498645702997844
dynamic,120.0,2,PA21,PA21_Base_5_34_52_PM,170.4132,333,5-10,complete_dynamic,0,1,8.0,7.90324068069458,0.0,0.0,0.0,low_error,0.7498645702997844
dynamic,120.0,2,PA21,PA21_Base_5_34_52_PM,170.9264,334,5-10,complete_dynamic,0,1,8.0,7.877134323120117,0.0,0.0,0.0,low_error,0.7498645702997844
dynamic,120.0,2,PA21,PA21_Base_5_34_52_PM,171.4395,335,5-10,complete_dynamic,0,1,8.0,7.846400737762451,0.0,0.0,0.0,low_error,0.7498645702997844
dynamic,120.0,2,PA21,PA21_Base_5_34_52_PM,171.9423,336,5-10,complete_dynamic,0,1,8.0,7.939935207366943,0.0,0.0,0.0,low_error,0.7498645702997844
dynamic,120.0,2,PA21,PA21_Base_5_34_52_PM,172.4582,337,5-10,complete_dynamic,0,1,8.0,8.076156616210938,0.0,0.0,0.0,low_error,0.7498645702997844
dynamic,120.0,2,PA21,PA21_Base_5_34_52_PM,172.9707,338,5-10,complete_dynamic,0,1,8.0,8.171841621398926,0.0,0.0,0.0,low_error,0.7498645702997844
dynamic,120.0,2,PA21,PA21_Base_5_34_52_PM,173.5065,339,5-10,complete_dynamic,0,1,8.0,8.308979988098145,0.0,0.0,0.0,low_error,0.7498645702997844
dynamic,120.0,2,PA21,PA21_Base_5_34_52_PM,174.0068,340,5-10,complete_dynamic,0,1,8.0,8.387151718139648,0.0,0.0,0.0,low_error,0.7498645702997844
dynamic,120.0,2,PA21,PA21_Base_5_34_52_PM,174.5451,341,5-10,complete_dynamic,0,1,8.0,8.364692687988281,0.0,0.0,0.0,low_error,0.7498645702997844
dynamic,120.0,2,PA21,PA21_Base_5_34_52_PM,175.048,342,5-10,complete_dynamic,0,1,8.0,8.445934295654297,0.0,0.0,0.0,low_error,0.7498645702997844
dynamic,120.0,2,PA21,PA21_Base_5_34_52_PM,175.5875,343,5-10,complete_dynamic,0,1,8.0,8.636921882629395,0.0,0.0,0.0,low_error,0.7498645702997844
dynamic,120.0,2,PA21,PA21_Base_5_34_52_PM,176.0895,344,5-10,complete_dynamic,0,1,8.0,8.394640922546387,0.0,0.0,0.0,low_error,0.7498645702997844
dynamic,120.0,2,PA21,PA21_Base_5_34_52_PM,176.5902,345,5-10,complete_dynamic,0,1,8.0,8.671015739440918,0.0,0.0,0.0,low_error,0.7498645702997844
dynamic,120.0,2,PA21,PA21_Base_5_34_52_PM,177.1044,346,5-10,complete_dynamic,0,1,8.0,8.722774505615234,0.0,0.0,0.0,low_error,0.7498645702997844
dynamic,120.0,2,PA21,PA21_Base_5_34_52_PM,177.6179,347,5-10,complete_dynamic,0,1,8.0,8.686901092529297,0.0,0.0,0.0,low_error,0.7498645702997844
dynamic,120.0,2,PA21,PA21_Base_5_34_52_PM,178.119,348,5-10,complete_dynamic,0,1,8.0,8.59914779663086,0.0,0.0,0.0,low_error,0.7498645702997844
dynamic,120.0,2,PA21,PA21_Base_5_34_52_PM,178.6318,349,5-10,complete_dynamic,0,1,8.0,8.538003921508789,0.0,0.0,0.0,low_error,0.7498645702997844
dynamic,120.0,2,PA21,PA21_Base_5_34_52_PM,179.1425,350,5-10,complete_dynamic,0,1,8.0,8.54049301147461,0.0,0.0,0.0,low_error,0.7498645702997844
dynamic,120.0,2,PA21,PA21_Base_5_34_52_PM,179.6459,351,5-10,complete_dynamic,0,1,8.0,8.51654052734375,0.0,0.0,0.0,low_error,0.7498645702997844
dynamic,120.0,2,PA21,PA21_Base_5_34_52_PM,180.1469,352,5-10,complete_dynamic,0,1,8.0,8.494644165039062,0.0,0.0,0.0,low_error,0.7498645702997844
dynamic,120.0,2,PA21,PA21_Base_5_34_52_PM,180.6474,353,5-10,complete_dynamic,0,1,8.0,8.465665817260742,0.0,0.0,0.0,low_error,0.7498645702997844
dynamic,120.0,2,PA21,PA21_Base_5_34_52_PM,181.1598,354,5-10,complete_dynamic,0,1,8.0,8.42432975769043,0.0,0.0,0.0,low_error,0.7498645702997844
dynamic,120.0,2,PA21,PA21_Base_5_34_52_PM,181.6749,355,5-10,complete_dynamic,0,1,8.0,8.450148582458496,0.0,0.0,0.0,low_error,0.7498645702997844
dynamic,120.0,2,PA21,PA21_Base_5_34_52_PM,182.2128,356,5-10,complete_dynamic,0,1,8.0,8.634448051452637,0.0,0.0,0.0,low_error,0.7498645702997844
dynamic,120.0,2,PA21,PA21_Base_5_34_52_PM,182.7279,357,5-10,complete_dynamic,0,1,8.0,8.612203598022461,0.0,0.0,0.0,low_error,0.7498645702997844
dynamic,120.0,2,PA21,PA21_Base_5_34_52_PM,183.2317,358,5-10,complete_dynamic,0,1,8.0,8.55653190612793,0.0,0.0,0.0,low_error,0.7498645702997844
dynamic,120.0,2,PA118,PA118_Reverse_Optical_Flow_2_30_47_PM,121.9693,239,5-10,missing_dynamic,0,1,5.0,8.388736724853516,0.0,0.0,0.0,median_error,4.040823192131229
dynamic,120.0,2,PA118,PA118_Reverse_Optical_Flow_2_30_47_PM,122.474,240,5-10,missing_dynamic,0,1,5.0,8.401866912841797,0.0,0.0,0.0,median_error,4.040823192131229
dynamic,120.0,2,PA118,PA118_Reverse_Optical_Flow_2_30_47_PM,122.9881,241,5-10,missing_dynamic,0,1,5.0,8.395910263061523,0.0,0.0,0.0,median_error,4.040823192131229
dynamic,120.0,2,PA118,PA118_Reverse_Optical_Flow_2_30_47_PM,123.4983,242,5-10,missing_dynamic,0,1,5.0,8.385917663574219,0.0,0.0,0.0,median_error,4.040823192131229
dynamic,120.0,2,PA118,PA118_Reverse_Optical_Flow_2_30_47_PM,124.0107,243,5-10,missing_dynamic,0,1,5.0,8.354788780212402,0.0,0.0,0.0,median_error,4.040823192131229
dynamic,120.0,2,PA118,PA118_Reverse_Optical_Flow_2_30_47_PM,124.5155,244,5-10,missing_dynamic,0,1,5.0,8.338690757751465,0.0,0.0,0.0,median_error,4.040823192131229
dynamic,120.0,2,PA118,PA118_Reverse_Optical_Flow_2_30_47_PM,125.0244,245,5-10,missing_dynamic,0,1,5.0,8.343379020690918,0.0,0.0,0.0,median_error,4.040823192131229
dynamic,120.0,2,PA118,PA118_Reverse_Optical_Flow_2_30_47_PM,125.5247,246,5-10,missing_dynamic,0,1,5.0,8.346171379089355,0.0,0.0,0.0,median_error,4.040823192131229
dynamic,120.0,2,PA118,PA118_Reverse_Optical_Flow_2_30_47_PM,126.0381,247,5-10,missing_dynamic,0,1,5.0,8.347249984741211,0.0,0.0,0.0,median_error,4.040823192131229
dynamic,120.0,2,PA118,PA118_Reverse_Optical_Flow_2_30_47_PM,126.5516,248,5-10,missing_dynamic,0,1,5.0,8.39854621887207,0.0,0.0,0.0,median_error,4.040823192131229
dynamic,120.0,2,PA118,PA118_Reverse_Optical_Flow_2_30_47_PM,127.0528,249,5-10,missing_dynamic,0,1,5.0,8.400202751159668,0.0,0.0,0.0,median_error,4.040823192131229
dynamic,120.0,2,PA118,PA118_Reverse_Optical_Flow_2_30_47_PM,127.5556,250,5-10,missing_dynamic,0,1,5.0,8.378070831298828,0.0,0.0,0.0,median_error,4.040823192131229
dynamic,120.0,2,PA118,PA118_Reverse_Optical_Flow_2_30_47_PM,128.0586,251,5-10,missing_dynamic,0,1,5.0,8.359905242919922,0.0,0.0,0.0,median_error,4.040823192131229
dynamic,120.0,2,PA118,PA118_Reverse_Optical_Flow_2_30_47_PM,128.5661,252,5-10,missing_dynamic,0,1,5.0,8.35589599609375,0.0,0.0,0.0,median_error,4.040823192131229
dynamic,120.0,2,PA118,PA118_Reverse_Optical_Flow_2_30_47_PM,129.0665,253,5-10,missing_dynamic,0,1,5.0,8.354104995727539,0.0,0.0,0.0,median_error,4.040823192131229
dynamic,120.0,2,PA118,PA118_Reverse_Optical_Flow_2_30_47_PM,129.58,254,5-10,missing_dynamic,0,1,5.0,8.345233917236328,0.0,0.0,0.0,median_error,4.040823192131229
dynamic,120.0,2,PA118,PA118_Reverse_Optical_Flow_2_30_47_PM,130.093,255,5-10,missing_dynamic,0,1,5.0,8.36087417602539,0.0,0.0,0.0,median_error,4.040823192131229
dynamic,120.0,2,PA118,PA118_Reverse_Optical_Flow_2_30_47_PM,130.5938,256,5-10,missing_dynamic,0,1,5.0,8.380437850952148,0.0,0.0,0.0,median_error,4.040823192131229
dynamic,120.0,2,PA118,PA118_Reverse_Optical_Flow_2_30_47_PM,131.1062,257,5-10,missing_dynamic,0,1,5.0,8.394041061401367,0.0,0.0,0.0,median_error,4.040823192131229
dynamic,120.0,2,PA118,PA118_Reverse_Optical_Flow_2_30_47_PM,131.6113,258,5-10,missing_dynamic,0,1,5.0,8.405010223388672,0.0,0.0,0.0,median_error,4.040823192131229
dynamic,120.0,2,PA118,PA118_Reverse_Optical_Flow_2_30_47_PM,132.1208,259,5-10,missing_dynamic,0,1,5.0,8.395835876464844,0.0,0.0,0.0,median_error,4.040823192131229
dynamic,120.0,2,PA118,PA118_Reverse_Optical_Flow_2_30_47_PM,132.6209,260,5-10,missing_dynamic,0,1,5.0,8.438236236572266,0.0,0.0,0.0,median_error,4.040823192131229
dynamic,120.0,2,PA118,PA118_Reverse_Optical_Flow_2_30_47_PM,133.1228,261,5-10,missing_dynamic,0,1,5.0,8.392913818359375,0.0,0.0,0.0,median_error,4.040823192131229
dynamic,120.0,2,PA118,PA118_Reverse_Optical_Flow_2_30_47_PM,133.6354,262,5-10,missing_dynamic,0,1,5.0,8.370218276977539,0.0,0.0,0.0,median_error,4.040823192131229
dynamic,120.0,2,PA118,PA118_Reverse_Optical_Flow_2_30_47_PM,134.1392,263,5-10,missing_dynamic,0,1,5.0,8.371332168579102,0.0,0.0,0.0,median_error,4.040823192131229
dynamic,120.0,2,PA118,PA118_Reverse_Optical_Flow_2_30_47_PM,134.6396,264,5-10,missing_dynamic,0,1,5.0,8.358979225158691,0.0,0.0,0.0,median_error,4.040823192131229
dynamic,120.0,2,PA118,PA118_Reverse_Optical_Flow_2_30_47_PM,135.1533,265,5-10,missing_dynamic,0,1,5.0,8.366231918334961,0.0,0.0,0.0,median_error,4.040823192131229
dynamic,120.0,2,PA118,PA118_Reverse_Optical_Flow_2_30_47_PM,135.663,266,5-10,missing_dynamic,0,1,5.0,8.405699729919434,0.0,0.0,0.0,median_error,4.040823192131229
dynamic,120.0,2,PA118,PA118_Reverse_Optical_Flow_2_30_47_PM,136.1634,267,5-10,missing_dynamic,0,1,5.0,8.395500183105469,0.0,0.0,0.0,median_error,4.040823192131229
dynamic,120.0,2,PA118,PA118_Reverse_Optical_Flow_2_30_47_PM,136.6818,268,5-10,missing_dynamic,0,1,5.0,8.39570140838623,0.0,0.0,0.0,median_error,4.040823192131229
dynamic,120.0,2,PA118,PA118_Reverse_Optical_Flow_2_30_47_PM,137.1905,269,5-10,missing_dynamic,0,1,5.0,8.391240119934082,0.0,0.0,0.0,median_error,4.040823192131229
dynamic,120.0,2,PA118,PA118_Reverse_Optical_Flow_2_30_47_PM,137.7042,270,5-10,missing_dynamic,0,1,5.0,8.375825881958008,0.0,0.0,0.0,median_error,4.040823192131229
dynamic,120.0,2,PA118,PA118_Reverse_Optical_Flow_2_30_47_PM,138.207,271,5-10,missing_dynamic,0,1,5.0,8.367301940917969,0.0,0.0,0.0,median_error,4.040823192131229
dynamic,120.0,2,PA118,PA118_Reverse_Optical_Flow_2_30_47_PM,138.7098,272,5-10,missing_dynamic,0,1,5.0,8.363409042358398,0.0,0.0,0.0,median_error,4.040823192131229
dynamic,120.0,2,PA118,PA118_Reverse_Optical_Flow_2_30_47_PM,139.2233,273,5-10,missing_dynamic,0,1,5.0,8.365614891052246,0.0,0.0,0.0,median_error,4.040823192131229
dynamic,120.0,2,PA118,PA118_Reverse_Optical_Flow_2_30_47_PM,139.7325,274,5-10,missing_dynamic,0,1,5.0,8.269939422607422,0.0,0.0,0.0,median_error,4.040823192131229
dynamic,120.0,2,PA118,PA118_Reverse_Optical_Flow_2_30_47_PM,140.2466,275,5-10,missing_dynamic,0,1,5.0,8.334946632385254,0.0,0.0,0.0,median_error,4.040823192131229
dynamic,120.0,2,PA118,PA118_Reverse_Optical_Flow_2_30_47_PM,140.7468,276,5-10,missing_dynamic,0,1,5.0,8.400627136230469,0.0,0.0,0.0,median_error,4.040823192131229
dynamic,120.0,2,PA118,PA118_Reverse_Optical_Flow_2_30_47_PM,141.2516,277,5-10,missing_dynamic,0,1,5.0,8.4054536819458,0.0,0.0,0.0,median_error,4.040823192131229
dynamic,120.0,2,PA118,PA118_Reverse_Optical_Flow_2_30_47_PM,141.7608,278,5-10,missing_dynamic,0,1,5.0,8.388989448547363,0.0,0.0,0.0,median_error,4.040823192131229
dynamic,120.0,2,PA118,PA118_Reverse_Optical_Flow_2_30_47_PM,142.2744,279,5-10,missing_dynamic,0,1,5.0,8.354202270507812,0.0,0.0,0.0,median_error,4.040823192131229
dynamic,120.0,2,PA118,PA118_Reverse_Optical_Flow_2_30_47_PM,142.7898,280,5-10,missing_dynamic,0,1,5.0,8.350932121276855,0.0,0.0,0.0,median_error,4.040823192131229
dynamic,120.0,2,PA118,PA118_Reverse_Optical_Flow_2_30_47_PM,143.3066,281,5-10,missing_dynamic,0,1,5.0,8.330093383789062,0.0,0.0,0.0,median_error,4.040823192131229
dynamic,120.0,2,PA118,PA118_Reverse_Optical_Flow_2_30_47_PM,143.8156,282,5-10,missing_dynamic,0,1,5.0,8.313896179199219,0.0,0.0,0.0,median_error,4.040823192131229
dynamic,120.0,2,PA118,PA118_Reverse_Optical_Flow_2_30_47_PM,144.3159,283,5-10,missing_dynamic,0,1,5.0,8.300433158874512,0.0,0.0,0.0,median_error,4.040823192131229
dynamic,120.0,2,PA118,PA118_Reverse_Optical_Flow_2_30_47_PM,144.8197,284,5-10,missing_dynamic,0,1,5.0,8.33310604095459,0.0,0.0,0.0,median_error,4.040823192131229
dynamic,120.0,2,PA118,PA118_Reverse_Optical_Flow_2_30_47_PM,145.33,285,5-10,missing_dynamic,0,1,5.0,8.362149238586426,0.0,0.0,0.0,median_error,4.040823192131229
dynamic,120.0,2,PA118,PA118_Reverse_Optical_Flow_2_30_47_PM,145.8478,286,5-10,missing_dynamic,0,1,5.0,8.40690803527832,0.0,0.0,0.0,median_error,4.040823192131229
dynamic,120.0,2,PA118,PA118_Reverse_Optical_Flow_2_30_47_PM,146.3479,287,5-10,missing_dynamic,0,1,5.0,8.389999389648438,0.0,0.0,0.0,median_error,4.040823192131229
dynamic,120.0,2,PA118,PA118_Reverse_Optical_Flow_2_30_47_PM,146.8513,288,5-10,missing_dynamic,0,1,5.0,8.38580322265625,0.0,0.0,0.0,median_error,4.040823192131229
dynamic,120.0,2,PA118,PA118_Reverse_Optical_Flow_2_30_47_PM,147.3576,289,5-10,missing_dynamic,0,1,5.0,8.375246047973633,0.0,0.0,0.0,median_error,4.040823192131229
dynamic,120.0,2,PA118,PA118_Reverse_Optical_Flow_2_30_47_PM,147.8702,290,5-10,missing_dynamic,0,1,5.0,8.360907554626465,0.0,0.0,0.0,median_error,4.040823192131229
dynamic,120.0,2,PA118,PA118_Reverse_Optical_Flow_2_30_47_PM,148.3712,291,5-10,missing_dynamic,0,1,5.0,8.352839469909668,0.0,0.0,0.0,median_error,4.040823192131229
dynamic,120.0,2,PA118,PA118_Reverse_Optical_Flow_2_30_47_PM,148.8849,292,5-10,missing_dynamic,0,1,5.0,8.357892036437988,0.0,0.0,0.0,median_error,4.040823192131229
dynamic,120.0,2,PA118,PA118_Reverse_Optical_Flow_2_30_47_PM,149.3865,293,5-10,missing_dynamic,0,1,5.0,8.371938705444336,0.0,0.0,0.0,median_error,4.040823192131229
dynamic,120.0,2,PA118,PA118_Reverse_Optical_Flow_2_30_47_PM,149.8898,294,5-10,missing_dynamic,0,1,5.0,8.375823020935059,0.0,0.0,0.0,median_error,4.040823192131229
dynamic,120.0,2,PA118,PA118_Reverse_Optical_Flow_2_30_47_PM,150.3993,295,5-10,missing_dynamic,0,1,5.0,8.381174087524414,0.0,0.0,0.0,median_error,4.040823192131229
dynamic,120.0,2,PA118,PA118_Reverse_Optical_Flow_2_30_47_PM,150.9004,296,5-10,missing_dynamic,0,1,5.0,8.127705574035645,0.0,0.0,0.0,median_error,4.040823192131229
dynamic,120.0,2,PA118,PA118_Reverse_Optical_Flow_2_30_47_PM,151.4124,297,5-10,missing_dynamic,0,1,5.0,8.063031196594238,0.0,0.0,0.0,median_error,4.040823192131229
dynamic,120.0,2,PA118,PA118_Reverse_Optical_Flow_2_30_47_PM,151.931,298,5-10,missing_dynamic,0,1,5.0,8.030680656433105,0.0,0.0,0.0,median_error,4.040823192131229
dynamic,120.0,2,PA118,PA118_Reverse_Optical_Flow_2_30_47_PM,152.4405,299,5-10,missing_dynamic,0,1,5.0,7.9850077629089355,0.0,0.0,0.0,median_error,4.040823192131229
dynamic,120.0,2,PA118,PA118_Reverse_Optical_Flow_2_30_47_PM,152.9546,300,5-10,missing_dynamic,0,1,5.0,8.258774757385254,0.0,0.0,0.0,median_error,4.040823192131229
dynamic,120.0,2,PA118,PA118_Reverse_Optical_Flow_2_30_47_PM,153.459,301,5-10,missing_dynamic,0,1,5.0,8.317288398742676,0.0,0.0,0.0,median_error,4.040823192131229
dynamic,120.0,2,PA118,PA118_Reverse_Optical_Flow_2_30_47_PM,153.9674,302,5-10,missing_dynamic,0,1,5.0,8.386670112609863,0.0,0.0,0.0,median_error,4.040823192131229
dynamic,120.0,2,PA118,PA118_Reverse_Optical_Flow_2_30_47_PM,154.4721,303,5-10,missing_dynamic,0,1,5.0,8.076531410217285,0.0,0.0,0.0,median_error,4.040823192131229
dynamic,120.0,2,PA118,PA118_Reverse_Optical_Flow_2_30_47_PM,154.9842,304,5-10,missing_dynamic,0,1,5.0,7.948328971862793,0.0,0.0,0.0,median_error,4.040823192131229
dynamic,120.0,2,PA118,PA118_Reverse_Optical_Flow_2_30_47_PM,155.4962,305,5-10,missing_dynamic,0,1,5.0,7.829471111297607,0.0,0.0,0.0,median_error,4.040823192131229
dynamic,120.0,2,PA118,PA118_Reverse_Optical_Flow_2_30_47_PM,156.0097,306,5-10,missing_dynamic,0,1,5.0,8.144145965576172,0.0,0.0,0.0,median_error,4.040823192131229
dynamic,120.0,2,PA118,PA118_Reverse_Optical_Flow_2_30_47_PM,156.5238,307,5-10,missing_dynamic,0,1,5.0,8.287498474121094,0.0,0.0,0.0,median_error,4.040823192131229
dynamic,120.0,2,PA118,PA118_Reverse_Optical_Flow_2_30_47_PM,157.0243,308,5-10,missing_dynamic,0,1,5.0,8.312742233276367,0.0,0.0,0.0,median_error,4.040823192131229
dynamic,120.0,2,PA118,PA118_Reverse_Optical_Flow_2_30_47_PM,157.5378,309,5-10,missing_dynamic,0,1,5.0,8.304550170898438,0.0,0.0,0.0,median_error,4.040823192131229
dynamic,120.0,2,PA118,PA118_Reverse_Optical_Flow_2_30_47_PM,158.0521,310,5-10,missing_dynamic,0,1,5.0,8.245920181274414,0.0,0.0,0.0,median_error,4.040823192131229
dynamic,120.0,2,PA118,PA118_Reverse_Optical_Flow_2_30_47_PM,158.5661,311,5-10,missing_dynamic,0,1,5.0,8.269365310668945,0.0,0.0,0.0,median_error,4.040823192131229
dynamic,120.0,2,PA118,PA118_Reverse_Optical_Flow_2_30_47_PM,159.0705,312,5-10,missing_dynamic,0,1,5.0,8.24687671661377,0.0,0.0,0.0,median_error,4.040823192131229
dynamic,120.0,2,PA118,PA118_Reverse_Optical_Flow_2_30_47_PM,159.5844,313,5-10,missing_dynamic,0,1,5.0,8.165223121643066,0.0,0.0,0.0,median_error,4.040823192131229
dynamic,120.0,2,PA118,PA118_Reverse_Optical_Flow_2_30_47_PM,160.0932,314,5-10,missing_dynamic,0,1,5.0,8.235620498657227,0.0,0.0,0.0,median_error,4.040823192131229
dynamic,120.0,2,PA118,PA118_Reverse_Optical_Flow_2_30_47_PM,160.5936,315,5-10,missing_dynamic,0,1,5.0,8.27927017211914,0.0,0.0,0.0,median_error,4.040823192131229
dynamic,120.0,2,PA118,PA118_Reverse_Optical_Flow_2_30_47_PM,161.1088,316,5-10,missing_dynamic,0,1,5.0,8.380325317382812,0.0,0.0,0.0,median_error,4.040823192131229
dynamic,120.0,2,PA118,PA118_Reverse_Optical_Flow_2_30_47_PM,161.6224,317,5-10,missing_dynamic,0,1,5.0,8.37509822845459,0.0,0.0,0.0,median_error,4.040823192131229
dynamic,120.0,2,PA118,PA118_Reverse_Optical_Flow_2_30_47_PM,162.1247,318,5-10,missing_dynamic,0,1,5.0,8.471545219421387,0.0,0.0,0.0,median_error,4.040823192131229
dynamic,120.0,2,PA118,PA118_Reverse_Optical_Flow_2_30_47_PM,162.6361,319,5-10,missing_dynamic,0,1,5.0,8.44063663482666,0.0,0.0,0.0,median_error,4.040823192131229
dynamic,120.0,2,PA118,PA118_Reverse_Optical_Flow_2_30_47_PM,163.1478,320,5-10,missing_dynamic,0,1,5.0,8.398897171020508,0.0,0.0,0.0,median_error,4.040823192131229
dynamic,120.0,2,PA118,PA118_Reverse_Optical_Flow_2_30_47_PM,163.6623,321,5-10,missing_dynamic,0,1,5.0,8.378095626831055,0.0,0.0,0.0,median_error,4.040823192131229
dynamic,120.0,2,PA118,PA118_Reverse_Optical_Flow_2_30_47_PM,164.1785,322,5-10,missing_dynamic,0,1,5.0,8.396188735961914,0.0,0.0,0.0,median_error,4.040823192131229
dynamic,120.0,2,PA118,PA118_Reverse_Optical_Flow_2_30_47_PM,164.6803,323,5-10,missing_dynamic,0,1,5.0,8.372300148010254,0.0,0.0,0.0,median_error,4.040823192131229
dynamic,120.0,2,PA118,PA118_Reverse_Optical_Flow_2_30_47_PM,165.1883,324,5-10,missing_dynamic,0,1,5.0,8.377900123596191,0.0,0.0,0.0,median_error,4.040823192131229
dynamic,120.0,2,PA118,PA118_Reverse_Optical_Flow_2_30_47_PM,165.6902,325,5-10,missing_dynamic,0,1,5.0,8.375432968139648,0.0,0.0,0.0,median_error,4.040823192131229
dynamic,120.0,2,PA118,PA118_Reverse_Optical_Flow_2_30_47_PM,166.2049,326,5-10,missing_dynamic,0,1,5.0,8.36069393157959,0.0,0.0,0.0,median_error,4.040823192131229
dynamic,120.0,2,PA118,PA118_Reverse_Optical_Flow_2_30_47_PM,166.7177,327,5-10,missing_dynamic,0,1,5.0,8.36143684387207,0.0,0.0,0.0,median_error,4.040823192131229
dynamic,120.0,2,PA118,PA118_Reverse_Optical_Flow_2_30_47_PM,167.2201,328,5-10,missing_dynamic,0,1,5.0,8.36160659790039,0.0,0.0,0.0,median_error,4.040823192131229
dynamic,120.0,2,PA118,PA118_Reverse_Optical_Flow_2_30_47_PM,167.7305,329,5-10,missing_dynamic,0,1,5.0,8.362180709838867,0.0,0.0,0.0,median_error,4.040823192131229
dynamic,120.0,2,PA118,PA118_Reverse_Optical_Flow_2_30_47_PM,168.2327,330,5-10,missing_dynamic,0,1,5.0,8.36296558380127,0.0,0.0,0.0,median_error,4.040823192131229
dynamic,120.0,2,PA118,PA118_Reverse_Optical_Flow_2_30_47_PM,168.7459,331,5-10,missing_dynamic,0,1,5.0,8.362418174743652,0.0,0.0,0.0,median_error,4.040823192131229
dynamic,120.0,2,PA118,PA118_Reverse_Optical_Flow_2_30_47_PM,169.2636,332,5-10,missing_dynamic,0,1,5.0,8.364222526550293,0.0,0.0,0.0,median_error,4.040823192131229
dynamic,120.0,2,PA118,PA118_Reverse_Optical_Flow_2_30_47_PM,169.7736,333,5-10,missing_dynamic,0,1,5.0,8.373610496520996,0.0,0.0,0.0,median_error,4.040823192131229
dynamic,120.0,2,PA118,PA118_Reverse_Optical_Flow_2_30_47_PM,170.2875,334,5-10,missing_dynamic,0,1,5.0,8.112678527832031,0.0,0.0,0.0,median_error,4.040823192131229
dynamic,120.0,2,PA118,PA118_Reverse_Optical_Flow_2_30_47_PM,170.7912,335,5-10,missing_dynamic,0,1,5.0,8.309871673583984,0.0,0.0,0.0,median_error,4.040823192131229
dynamic,120.0,2,PA118,PA118_Reverse_Optical_Flow_2_30_47_PM,171.304,336,5-10,missing_dynamic,0,1,5.0,8.347297668457031,0.0,0.0,0.0,median_error,4.040823192131229
dynamic,120.0,2,PA118,PA118_Reverse_Optical_Flow_2_30_47_PM,171.8197,337,5-10,missing_dynamic,0,1,5.0,8.369195938110352,0.0,0.0,0.0,median_error,4.040823192131229
dynamic,120.0,2,PA118,PA118_Reverse_Optical_Flow_2_30_47_PM,172.3197,338,5-10,missing_dynamic,0,1,5.0,8.332742691040039,0.0,0.0,0.0,median_error,4.040823192131229
dynamic,120.0,2,PA118,PA118_Reverse_Optical_Flow_2_30_47_PM,172.8313,339,5-10,missing_dynamic,0,1,5.0,8.349618911743164,0.0,0.0,0.0,median_error,4.040823192131229
dynamic,120.0,2,PA118,PA118_Reverse_Optical_Flow_2_30_47_PM,173.3429,340,5-10,missing_dynamic,0,1,5.0,8.39071273803711,0.0,0.0,0.0,median_error,4.040823192131229
dynamic,120.0,2,PA118,PA118_Reverse_Optical_Flow_2_30_47_PM,173.856,341,5-10,missing_dynamic,0,1,5.0,8.44504165649414,0.0,0.0,0.0,median_error,4.040823192131229
dynamic,120.0,2,PA118,PA118_Reverse_Optical_Flow_2_30_47_PM,174.3568,342,5-10,missing_dynamic,0,1,5.0,8.422333717346191,0.0,0.0,0.0,median_error,4.040823192131229
dynamic,120.0,2,PA118,PA118_Reverse_Optical_Flow_2_30_47_PM,174.857,343,5-10,missing_dynamic,0,1,5.0,8.450512886047363,0.0,0.0,0.0,median_error,4.040823192131229
dynamic,120.0,2,PA118,PA118_Reverse_Optical_Flow_2_30_47_PM,175.3742,344,5-10,missing_dynamic,0,1,5.0,8.40693187713623,0.0,0.0,0.0,median_error,4.040823192131229
dynamic,120.0,2,PA118,PA118_Reverse_Optical_Flow_2_30_47_PM,175.8836,345,5-10,missing_dynamic,0,1,5.0,8.324247360229492,0.0,0.0,0.0,median_error,4.040823192131229
dynamic,120.0,2,PA118,PA118_Reverse_Optical_Flow_2_30_47_PM,176.389,346,5-10,missing_dynamic,0,1,5.0,8.334321022033691,0.0,0.0,0.0,median_error,4.040823192131229
dynamic,120.0,2,PA118,PA118_Reverse_Optical_Flow_2_30_47_PM,176.8985,347,5-10,missing_dynamic,0,1,5.0,8.115775108337402,0.0,0.0,0.0,median_error,4.040823192131229
dynamic,120.0,2,PA118,PA118_Reverse_Optical_Flow_2_30_47_PM,177.4133,348,5-10,missing_dynamic,0,1,5.0,8.044594764709473,0.0,0.0,0.0,median_error,4.040823192131229
dynamic,120.0,2,PA118,PA118_Reverse_Optical_Flow_2_30_47_PM,177.9264,349,5-10,missing_dynamic,0,1,5.0,8.33820629119873,0.0,0.0,0.0,median_error,4.040823192131229
dynamic,120.0,2,PA118,PA118_Reverse_Optical_Flow_2_30_47_PM,178.4277,350,5-10,missing_dynamic,0,1,5.0,8.403908729553223,0.0,0.0,0.0,median_error,4.040823192131229
dynamic,120.0,2,PA118,PA118_Reverse_Optical_Flow_2_30_47_PM,178.9415,351,5-10,missing_dynamic,0,1,5.0,8.423405647277832,0.0,0.0,0.0,median_error,4.040823192131229
dynamic,120.0,2,PA118,PA118_Reverse_Optical_Flow_2_30_47_PM,179.4551,352,5-10,missing_dynamic,0,1,5.0,8.437701225280762,0.0,0.0,0.0,median_error,4.040823192131229
dynamic,120.0,2,PA118,PA118_Reverse_Optical_Flow_2_30_47_PM,179.9676,353,5-10,missing_dynamic,0,1,5.0,8.427644729614258,0.0,0.0,0.0,median_error,4.040823192131229
dynamic,120.0,2,PA118,PA118_Reverse_Optical_Flow_2_30_47_PM,180.4682,354,5-10,missing_dynamic,0,1,5.0,8.42990779876709,0.0,0.0,0.0,median_error,4.040823192131229
dynamic,120.0,2,PA118,PA118_Reverse_Optical_Flow_2_30_47_PM,180.9857,355,5-10,missing_dynamic,0,1,5.0,8.413572311401367,0.0,0.0,0.0,median_error,4.040823192131229
dynamic,120.0,2,PA118,PA118_Reverse_Optical_Flow_2_30_47_PM,181.4954,356,5-10,missing_dynamic,0,1,5.0,8.26004695892334,0.0,0.0,0.0,median_error,4.040823192131229
dynamic,120.0,2,PA118,PA118_Reverse_Optical_Flow_2_30_47_PM,182.0133,357,5-10,missing_dynamic,0,1,5.0,8.290780067443848,0.0,0.0,0.0,median_error,4.040823192131229
dynamic,120.0,2,PA118,PA118_Reverse_Optical_Flow_2_30_47_PM,182.5249,358,5-10,missing_dynamic,0,1,5.0,8.251605987548828,0.0,0.0,0.0,median_error,4.040823192131229
dynamic,120.0,2,PA118,PA118_Reverse_Optical_Flow_2_30_47_PM,183.0362,359,5-10,missing_dynamic,0,1,5.0,8.055753707885742,0.0,0.0,0.0,median_error,4.040823192131229
dynamic,120.0,2,PA118,PA118_Reverse_Optical_Flow_2_30_47_PM,183.5391,360,5-10,missing_dynamic,0,1,5.0,8.006253242492676,0.0,0.0,0.0,median_error,4.040823192131229
dynamic,120.0,2,PA118,PA118_Reverse_Optical_Flow_2_30_47_PM,184.0391,361,5-10,missing_dynamic,0,1,5.0,7.966028690338135,0.0,0.0,0.0,median_error,4.040823192131229
dynamic,120.0,2,PA118,PA118_Reverse_Optical_Flow_2_30_47_PM,184.5549,362,5-10,missing_dynamic,0,1,5.0,7.910121440887451,0.0,0.0,-1.0,median_error,4.040823192131229
dynamic,120.0,2,PA118,PA118_Reverse_Optical_Flow_2_30_47_PM,185.071,363,5-10,missing_dynamic,0,1,5.0,7.812121868133545,0.0,0.0,-2.0,median_error,4.040823192131229
dynamic,120.0,2,PA118,PA118_Reverse_Optical_Flow_2_30_47_PM,185.5785,364,5-10,missing_dynamic,0,1,5.0,8.126422882080078,0.0,0.0,-2.0,median_error,4.040823192131229
dynamic,120.0,2,PA118,PA118_Reverse_Optical_Flow_2_30_47_PM,186.0802,365,5-10,missing_dynamic,0,1,5.0,8.237661361694336,0.0,0.0,-2.0,median_error,4.040823192131229
dynamic,120.0,2,PA118,PA118_Reverse_Optical_Flow_2_30_47_PM,186.5939,366,5-10,missing_dynamic,0,1,5.0,8.24050235748291,0.0,0.0,-2.0,median_error,4.040823192131229
dynamic,120.0,2,PA118,PA118_Reverse_Optical_Flow_2_30_47_PM,187.1109,367,5-10,missing_dynamic,0,1,5.0,8.260141372680664,0.0,0.0,-2.0,median_error,4.040823192131229
dynamic,120.0,2,PA118,PA118_Reverse_Optical_Flow_2_30_47_PM,187.6196,368,5-10,missing_dynamic,0,1,5.0,8.29926586151123,0.0,0.0,-2.0,median_error,4.040823192131229
dynamic,120.0,2,PA118,PA118_Reverse_Optical_Flow_2_30_47_PM,188.1197,369,5-10,missing_dynamic,0,1,5.0,8.330492973327637,0.0,0.0,-2.0,median_error,4.040823192131229
dynamic,120.0,2,PA118,PA118_Reverse_Optical_Flow_2_30_47_PM,188.6249,370,5-10,missing_dynamic,0,1,5.0,8.349594116210938,0.0,0.0,-2.0,median_error,4.040823192131229
dynamic,120.0,2,PA118,PA118_Reverse_Optical_Flow_2_30_47_PM,189.1331,371,5-10,missing_dynamic,0,1,5.0,8.359029769897461,0.0,0.0,-2.0,median_error,4.040823192131229
dynamic,120.0,2,PA118,PA118_Reverse_Optical_Flow_2_30_47_PM,189.6351,372,5-10,missing_dynamic,0,1,5.0,8.361776351928711,0.0,-1.0,-2.0,median_error,4.040823192131229
dynamic,120.0,2,PA118,PA118_Reverse_Optical_Flow_2_30_47_PM,190.148,373,5-10,missing_dynamic,0,1,5.0,8.36561393737793,0.0,-2.0,-2.0,median_error,4.040823192131229
dynamic,120.0,2,PA118,PA118_Reverse_Optical_Flow_2_30_47_PM,190.6609,374,5-10,missing_dynamic,0,1,5.0,8.370020866394043,0.0,-2.0,-2.0,median_error,4.040823192131229
dynamic,120.0,2,PA118,PA118_Reverse_Optical_Flow_2_30_47_PM,191.1618,375,5-10,missing_dynamic,0,1,5.0,8.084264755249023,0.0,-2.0,-2.0,median_error,4.040823192131229
dynamic,120.0,2,PA118,PA118_Reverse_Optical_Flow_2_30_47_PM,191.6624,376,5-10,missing_dynamic,0,1,5.0,8.318155288696289,0.0,-2.0,-2.0,median_error,4.040823192131229
dynamic,120.0,2,PA118,PA118_Reverse_Optical_Flow_2_30_47_PM,192.1755,377,5-10,missing_dynamic,0,1,5.0,8.368789672851562,0.0,-2.0,-2.0,median_error,4.040823192131229
dynamic,120.0,2,PA118,PA118_Reverse_Optical_Flow_2_30_47_PM,192.6824,378,5-10,missing_dynamic,0,1,5.0,8.373069763183594,0.0,-2.0,-2.0,median_error,4.040823192131229
dynamic,120.0,2,PA118,PA118_Reverse_Optical_Flow_2_30_47_PM,193.1902,379,5-10,missing_dynamic,0,1,5.0,8.368310928344727,0.0,-2.0,-2.0,median_error,4.040823192131229
dynamic,120.0,2,PA118,PA118_Reverse_Optical_Flow_2_30_47_PM,193.6905,380,5-10,missing_dynamic,0,1,5.0,8.332037925720215,0.0,-2.0,-2.0,median_error,4.040823192131229
dynamic,120.0,2,PA118,PA118_Reverse_Optical_Flow_2_30_47_PM,194.2042,381,5-10,missing_dynamic,0,1,5.0,8.30202865600586,0.0,-2.0,-2.0,median_error,4.040823192131229
dynamic,120.0,2,PA118,PA118_Reverse_Optical_Flow_2_30_47_PM,194.7167,382,0-5,missing_dynamic,1,0,4.0,8.340128898620605,1.0,-1.0,-1.0,median_error,4.040823192131229
dynamic,120.0,2,PA118,PA118_Reverse_Optical_Flow_2_30_47_PM,195.2173,383,0-5,missing_dynamic,1,0,3.0,8.370878219604492,1.0,0.0,0.0,median_error,4.040823192131229
dynamic,120.0,2,PA118,PA118_Reverse_Optical_Flow_2_30_47_PM,195.7177,384,0-5,missing_dynamic,0,1,3.0,8.425210952758789,0.0,0.0,0.0,median_error,4.040823192131229
dynamic,120.0,2,PA118,PA118_Reverse_Optical_Flow_2_30_47_PM,196.2216,385,0-5,missing_dynamic,0,1,3.0,8.427022933959961,0.0,0.0,0.0,median_error,4.040823192131229
dynamic,120.0,2,PA118,PA118_Reverse_Optical_Flow_2_30_47_PM,196.7225,386,0-5,missing_dynamic,0,1,3.0,8.402795791625977,0.0,0.0,0.0,median_error,4.040823192131229
dynamic,120.0,2,PA118,PA118_Reverse_Optical_Flow_2_30_47_PM,197.2294,387,0-5,missing_dynamic,0,1,3.0,8.28407096862793,0.0,0.0,0.0,median_error,4.040823192131229
dynamic,120.0,2,PA118,PA118_Reverse_Optical_Flow_2_30_47_PM,197.7304,388,0-5,missing_dynamic,0,1,3.0,8.286355972290039,0.0,0.0,0.0,median_error,4.040823192131229
dynamic,120.0,2,PA118,PA118_Reverse_Optical_Flow_2_30_47_PM,198.2434,389,0-5,missing_dynamic,0,1,3.0,8.383829116821289,0.0,0.0,0.0,median_error,4.040823192131229
dynamic,120.0,2,PA118,PA118_Reverse_Optical_Flow_2_30_47_PM,198.7434,390,0-5,missing_dynamic,0,1,3.0,8.453121185302734,0.0,0.0,0.0,median_error,4.040823192131229
dynamic,120.0,2,PA118,PA118_Reverse_Optical_Flow_2_30_47_PM,199.2436,391,0-5,missing_dynamic,0,1,3.0,8.483297348022461,0.0,0.0,0.0,median_error,4.040823192131229
dynamic,120.0,2,PA118,PA118_Reverse_Optical_Flow_2_30_47_PM,199.7458,392,0-5,missing_dynamic,0,1,3.0,8.357802391052246,0.0,0.0,0.0,median_error,4.040823192131229
dynamic,120.0,2,PA118,PA118_Reverse_Optical_Flow_2_30_47_PM,200.2471,393,0-5,missing_dynamic,0,1,3.0,8.229619979858398,0.0,0.0,0.0,median_error,4.040823192131229
dynamic,120.0,2,PA118,PA118_Reverse_Optical_Flow_2_30_47_PM,200.7648,394,0-5,missing_dynamic,0,1,3.0,8.261384963989258,0.0,0.0,0.0,median_error,4.040823192131229
dynamic,120.0,2,PA118,PA118_Reverse_Optical_Flow_2_30_47_PM,201.2718,395,0-5,missing_dynamic,0,1,3.0,8.368020057678223,0.0,0.0,0.0,median_error,4.040823192131229
dynamic,120.0,2,PA118,PA118_Reverse_Optical_Flow_2_30_47_PM,201.7721,396,0-5,missing_dynamic,0,1,3.0,8.470677375793457,0.0,0.0,0.0,median_error,4.040823192131229
dynamic,120.0,2,PA118,PA118_Reverse_Optical_Flow_2_30_47_PM,202.2865,397,0-5,missing_dynamic,0,1,3.0,8.478673934936523,0.0,0.0,0.0,median_error,4.040823192131229
dynamic,120.0,2,PA118,PA118_Reverse_Optical_Flow_2_30_47_PM,202.7999,398,0-5,missing_dynamic,0,1,3.0,8.390933990478516,0.0,0.0,0.0,median_error,4.040823192131229
dynamic,120.0,2,PA118,PA118_Reverse_Optical_Flow_2_30_47_PM,203.305,399,0-5,missing_dynamic,0,1,3.0,8.319809913635254,0.0,0.0,0.0,median_error,4.040823192131229
dynamic,120.0,2,PA118,PA118_Reverse_Optical_Flow_2_30_47_PM,203.819,400,0-5,missing_dynamic,0,1,3.0,8.358171463012695,0.0,0.0,0.0,median_error,4.040823192131229
dynamic,120.0,2,PA118,PA118_Reverse_Optical_Flow_2_30_47_PM,204.328,401,0-5,missing_dynamic,0,1,3.0,8.11958122253418,0.0,0.0,0.0,median_error,4.040823192131229
dynamic,120.0,2,PA118,PA118_Reverse_Optical_Flow_2_30_47_PM,204.8423,402,0-5,missing_dynamic,0,1,3.0,8.059545516967773,0.0,0.0,0.0,median_error,4.040823192131229
dynamic,120.0,2,PA118,PA118_Reverse_Optical_Flow_2_30_47_PM,205.3581,403,0-5,missing_dynamic,0,1,3.0,8.361756324768066,0.0,0.0,0.0,median_error,4.040823192131229
dynamic,120.0,2,PA118,PA118_Reverse_Optical_Flow_2_30_47_PM,205.8736,404,0-5,missing_dynamic,0,1,3.0,8.46534538269043,0.0,0.0,0.0,median_error,4.040823192131229
dynamic,120.0,2,PA118,PA118_Reverse_Optical_Flow_2_30_47_PM,206.3745,405,0-5,missing_dynamic,0,1,3.0,8.425674438476562,0.0,0.0,0.0,median_error,4.040823192131229
dynamic,120.0,2,PA118,PA118_Reverse_Optical_Flow_2_30_47_PM,206.8747,406,0-5,missing_dynamic,0,1,3.0,8.472127914428711,0.0,0.0,0.0,median_error,4.040823192131229
dynamic,120.0,2,PA118,PA118_Reverse_Optical_Flow_2_30_47_PM,207.3839,407,0-5,missing_dynamic,0,1,3.0,8.438957214355469,0.0,0.0,0.0,median_error,4.040823192131229
dynamic,120.0,2,PA118,PA118_Reverse_Optical_Flow_2_30_47_PM,207.8842,408,0-5,missing_dynamic,0,1,3.0,8.378252029418945,0.0,0.0,0.0,median_error,4.040823192131229
dynamic,120.0,2,PA118,PA118_Reverse_Optical_Flow_2_30_47_PM,208.389,409,0-5,missing_dynamic,0,1,3.0,8.325359344482422,0.0,0.0,0.0,median_error,4.040823192131229
dynamic,120.0,2,PA118,PA118_Reverse_Optical_Flow_2_30_47_PM,208.8976,410,0-5,missing_dynamic,0,1,3.0,8.439435958862305,0.0,0.0,0.0,median_error,4.040823192131229
dynamic,120.0,2,PA118,PA118_Reverse_Optical_Flow_2_30_47_PM,209.4036,411,0-5,missing_dynamic,0,1,3.0,8.480897903442383,0.0,0.0,0.0,median_error,4.040823192131229
dynamic,120.0,2,PA118,PA118_Reverse_Optical_Flow_2_30_47_PM,209.9108,412,0-5,missing_dynamic,0,1,3.0,8.415190696716309,0.0,0.0,0.0,median_error,4.040823192131229
dynamic,120.0,2,PA118,PA118_Reverse_Optical_Flow_2_30_47_PM,210.4118,413,0-5,missing_dynamic,0,1,3.0,8.297506332397461,0.0,0.0,0.0,median_error,4.040823192131229
dynamic,120.0,2,PA118,PA118_Reverse_Optical_Flow_2_30_47_PM,210.912,414,0-5,missing_dynamic,0,1,3.0,8.366634368896484,0.0,0.0,0.0,median_error,4.040823192131229
dynamic,120.0,2,PA118,PA118_Reverse_Optical_Flow_2_30_47_PM,211.4164,415,0-5,missing_dynamic,0,1,3.0,8.355504989624023,0.0,0.0,0.0,median_error,4.040823192131229
dynamic,120.0,2,PA118,PA118_Reverse_Optical_Flow_2_30_47_PM,211.9245,416,0-5,missing_dynamic,0,1,3.0,8.38962173461914,0.0,0.0,0.0,median_error,4.040823192131229
dynamic,120.0,2,PA118,PA118_Reverse_Optical_Flow_2_30_47_PM,212.4387,417,0-5,missing_dynamic,0,1,3.0,8.137582778930664,0.0,0.0,0.0,median_error,4.040823192131229
dynamic,120.0,2,PA118,PA118_Reverse_Optical_Flow_2_30_47_PM,212.9398,418,0-5,missing_dynamic,0,1,3.0,8.069820404052734,0.0,0.0,0.0,median_error,4.040823192131229
dynamic,120.0,2,PA118,PA118_Reverse_Optical_Flow_2_30_47_PM,213.4521,419,0-5,missing_dynamic,0,1,3.0,8.03272819519043,0.0,0.0,0.0,median_error,4.040823192131229
dynamic,120.0,2,PA118,PA118_Reverse_Optical_Flow_2_30_47_PM,213.9593,420,0-5,missing_dynamic,0,1,3.0,7.972146987915039,0.0,0.0,0.0,median_error,4.040823192131229
dynamic,120.0,2,PA118,PA118_Reverse_Optical_Flow_2_30_47_PM,214.4662,421,0-5,missing_dynamic,0,1,3.0,7.88273286819458,0.0,0.0,0.0,median_error,4.040823192131229
dynamic,120.0,2,PA118,PA118_Reverse_Optical_Flow_2_30_47_PM,214.9801,422,0-5,missing_dynamic,0,1,3.0,7.751523494720459,0.0,0.0,0.0,median_error,4.040823192131229
dynamic,120.0,2,PA118,PA118_Reverse_Optical_Flow_2_30_47_PM,215.4815,423,0-5,missing_dynamic,0,1,3.0,8.058768272399902,0.0,0.0,0.0,median_error,4.040823192131229
dynamic,120.0,2,PA118,PA118_Reverse_Optical_Flow_2_30_47_PM,215.9818,424,0-5,missing_dynamic,0,1,3.0,8.161422729492188,0.0,0.0,0.0,median_error,4.040823192131229
dynamic,120.0,2,PA118,PA118_Reverse_Optical_Flow_2_30_47_PM,216.4943,425,0-5,missing_dynamic,0,1,3.0,8.2216796875,0.0,0.0,0.0,median_error,4.040823192131229
dynamic,120.0,2,PA118,PA118_Reverse_Optical_Flow_2_30_47_PM,216.9993,426,0-5,missing_dynamic,0,1,3.0,8.263627052307129,0.0,0.0,0.0,median_error,4.040823192131229
dynamic,120.0,2,PA118,PA118_Reverse_Optical_Flow_2_30_47_PM,217.5071,427,0-5,missing_dynamic,0,1,3.0,8.29515266418457,0.0,0.0,0.0,median_error,4.040823192131229
dynamic,120.0,2,PA118,PA118_Reverse_Optical_Flow_2_30_47_PM,218.0089,428,0-5,missing_dynamic,0,1,3.0,8.314496040344238,0.0,0.0,0.0,median_error,4.040823192131229
dynamic,120.0,2,PA118,PA118_Reverse_Optical_Flow_2_30_47_PM,218.5228,429,0-5,missing_dynamic,0,1,3.0,8.328728675842285,0.0,0.0,0.0,median_error,4.040823192131229
dynamic,120.0,2,PA118,PA118_Reverse_Optical_Flow_2_30_47_PM,219.0272,430,0-5,missing_dynamic,0,1,3.0,8.342763900756836,0.0,0.0,0.0,median_error,4.040823192131229
dynamic,120.0,2,PA118,PA118_Reverse_Optical_Flow_2_30_47_PM,219.535,431,0-5,missing_dynamic,0,1,3.0,8.340181350708008,0.0,0.0,0.0,median_error,4.040823192131229
dynamic,120.0,2,PA118,PA118_Reverse_Optical_Flow_2_30_47_PM,220.0361,432,0-5,missing_dynamic,0,1,3.0,8.341812133789062,0.0,0.0,0.0,median_error,4.040823192131229
dynamic,120.0,2,PA118,PA118_Reverse_Optical_Flow_2_30_47_PM,220.5361,433,0-5,missing_dynamic,0,1,3.0,8.336965560913086,0.0,0.0,0.0,median_error,4.040823192131229
dynamic,120.0,2,PA118,PA118_Reverse_Optical_Flow_2_30_47_PM,221.0371,434,0-5,missing_dynamic,0,1,3.0,8.326309204101562,0.0,0.0,0.0,median_error,4.040823192131229
dynamic,120.0,2,PA118,PA118_Reverse_Optical_Flow_2_30_47_PM,221.5381,435,0-5,missing_dynamic,0,1,3.0,8.323715209960938,0.0,0.0,0.0,median_error,4.040823192131229
dynamic,120.0,2,PA118,PA118_Reverse_Optical_Flow_2_30_47_PM,222.0412,436,0-5,missing_dynamic,0,1,3.0,8.338817596435547,0.0,0.0,0.0,median_error,4.040823192131229
dynamic,120.0,2,PA118,PA118_Reverse_Optical_Flow_2_30_47_PM,222.5488,437,0-5,missing_dynamic,0,1,3.0,8.354476928710938,0.0,0.0,0.0,median_error,4.040823192131229
dynamic,120.0,2,PA118,PA118_Reverse_Optical_Flow_2_30_47_PM,223.0544,438,0-5,missing_dynamic,0,1,3.0,8.36819839477539,0.0,0.0,0.0,median_error,4.040823192131229
dynamic,120.0,2,PA118,PA118_Reverse_Optical_Flow_2_30_47_PM,223.5641,439,0-5,missing_dynamic,0,1,3.0,8.39122486114502,0.0,0.0,0.0,median_error,4.040823192131229
dynamic,120.0,2,PA118,PA118_Reverse_Optical_Flow_2_30_47_PM,224.0644,440,0-5,missing_dynamic,0,1,3.0,8.418710708618164,0.0,0.0,0.0,median_error,4.040823192131229
dynamic,120.0,2,PA118,PA118_Reverse_Optical_Flow_2_30_47_PM,224.5771,441,0-5,missing_dynamic,0,1,3.0,8.453012466430664,0.0,0.0,0.0,median_error,4.040823192131229
dynamic,120.0,2,PA118,PA118_Reverse_Optical_Flow_2_30_47_PM,225.0773,442,0-5,missing_dynamic,0,1,3.0,8.4677152633667,0.0,0.0,-2.0,median_error,4.040823192131229
dynamic,120.0,2,PA118,PA118_Reverse_Optical_Flow_2_30_47_PM,225.5903,443,0-5,missing_dynamic,0,1,3.0,8.461650848388672,0.0,0.0,-2.0,median_error,4.040823192131229
dynamic,120.0,2,PA118,PA118_Reverse_Optical_Flow_2_30_47_PM,226.0908,444,0-5,missing_dynamic,0,1,3.0,8.415544509887695,0.0,0.0,-3.0,median_error,4.040823192131229
dynamic,120.0,2,PA118,PA118_Reverse_Optical_Flow_2_30_47_PM,226.5955,445,0-5,missing_dynamic,0,1,3.0,8.405465126037598,0.0,0.0,-3.0,median_error,4.040823192131229
dynamic,120.0,2,PA118,PA118_Reverse_Optical_Flow_2_30_47_PM,227.1038,446,0-5,missing_dynamic,0,1,3.0,8.384024620056152,0.0,0.0,-3.0,median_error,4.040823192131229
dynamic,120.0,2,PA118,PA118_Reverse_Optical_Flow_2_30_47_PM,227.6048,447,0-5,missing_dynamic,0,1,3.0,8.364401817321777,0.0,0.0,-3.0,median_error,4.040823192131229
dynamic,120.0,2,PA118,PA118_Reverse_Optical_Flow_2_30_47_PM,228.1067,448,0-5,missing_dynamic,0,1,3.0,8.370397567749023,0.0,0.0,-3.0,median_error,4.040823192131229
dynamic,120.0,2,PA118,PA118_Reverse_Optical_Flow_2_30_47_PM,228.619,449,0-5,missing_dynamic,0,1,3.0,8.380117416381836,0.0,0.0,-3.0,median_error,4.040823192131229
dynamic,120.0,2,PA118,PA118_Reverse_Optical_Flow_2_30_47_PM,229.1197,450,0-5,missing_dynamic,0,1,3.0,8.126091003417969,0.0,0.0,-3.0,median_error,4.040823192131229
dynamic,120.0,2,PA118,PA118_Reverse_Optical_Flow_2_30_47_PM,229.6198,451,0-5,missing_dynamic,0,1,3.0,8.060548782348633,0.0,0.0,-3.0,median_error,4.040823192131229
dynamic,120.0,2,PA118,PA118_Reverse_Optical_Flow_2_30_47_PM,230.1323,452,0-5,missing_dynamic,0,1,3.0,8.025145530700684,0.0,-2.0,-3.0,median_error,4.040823192131229
dynamic,120.0,2,PA118,PA118_Reverse_Optical_Flow_2_30_47_PM,230.6326,453,0-5,missing_dynamic,0,1,3.0,7.971917152404785,0.0,-2.0,-3.0,median_error,4.040823192131229
dynamic,120.0,2,PA118,PA118_Reverse_Optical_Flow_2_30_47_PM,231.1489,454,0-5,missing_dynamic,0,1,3.0,7.886168956756592,0.0,-3.0,-3.0,median_error,4.040823192131229
dynamic,120.0,2,PA118,PA118_Reverse_Optical_Flow_2_30_47_PM,231.6609,455,0-5,missing_dynamic,0,1,3.0,7.76019811630249,0.0,-3.0,-3.0,median_error,4.040823192131229
dynamic,120.0,2,PA118,PA118_Reverse_Optical_Flow_2_30_47_PM,232.1742,456,0-5,missing_dynamic,0,1,3.0,7.601046085357666,0.0,-3.0,-3.0,median_error,4.040823192131229
dynamic,120.0,2,PA118,PA118_Reverse_Optical_Flow_2_30_47_PM,232.6748,457,0-5,missing_dynamic,0,1,3.0,7.424374103546143,0.0,-3.0,-3.0,median_error,4.040823192131229
dynamic,120.0,2,PA118,PA118_Reverse_Optical_Flow_2_30_47_PM,233.188,458,0-5,missing_dynamic,0,1,3.0,7.248905658721924,0.0,-3.0,-3.0,median_error,4.040823192131229
dynamic,120.0,2,PA118,PA118_Reverse_Optical_Flow_2_30_47_PM,233.6913,459,0-5,missing_dynamic,0,1,3.0,7.076916217803955,0.0,-3.0,-3.0,median_error,4.040823192131229
dynamic,120.0,2,PA118,PA118_Reverse_Optical_Flow_2_30_47_PM,234.2027,460,0-5,missing_dynamic,0,1,3.0,6.896352767944336,0.0,-3.0,-3.0,median_error,4.040823192131229
dynamic,120.0,2,PA118,PA118_Reverse_Optical_Flow_2_30_47_PM,234.7162,461,0-5,missing_dynamic,0,1,3.0,6.6925225257873535,0.0,-3.0,-3.0,median_error,4.040823192131229
dynamic,120.0,2,PA118,PA118_Reverse_Optical_Flow_2_30_47_PM,235.2168,462,0-5,missing_dynamic,1,0,1.0,6.457239151000977,1.0,-1.0,-1.0,median_error,4.040823192131229
dynamic,120.0,2,PA118,PA118_Reverse_Optical_Flow_2_30_47_PM,235.7294,463,0-5,missing_dynamic,0,1,1.0,6.2040114402771,0.0,-1.0,-1.0,median_error,4.040823192131229
dynamic,120.0,2,PA118,PA118_Reverse_Optical_Flow_2_30_47_PM,236.2304,464,0-5,missing_dynamic,1,0,0.0,5.941428184509277,1.0,0.0,0.0,median_error,4.040823192131229
dynamic,120.0,2,PA118,PA118_Reverse_Optical_Flow_2_30_47_PM,236.734,465,0-5,missing_dynamic,0,1,0.0,5.676968097686768,0.0,0.0,0.0,median_error,4.040823192131229
dynamic,120.0,2,PA118,PA118_Reverse_Optical_Flow_2_30_47_PM,237.2358,466,0-5,missing_dynamic,0,1,0.0,5.420392036437988,0.0,0.0,0.0,median_error,4.040823192131229
dynamic,120.0,2,PA118,PA118_Reverse_Optical_Flow_2_30_47_PM,237.7432,467,0-5,missing_dynamic,0,1,0.0,5.179142475128174,0.0,0.0,0.0,median_error,4.040823192131229
dynamic,120.0,2,PA118,PA118_Reverse_Optical_Flow_2_30_47_PM,238.2434,468,0-5,missing_dynamic,0,1,0.0,4.971181869506836,0.0,0.0,0.0,median_error,4.040823192131229
dynamic,120.0,2,PA118,PA118_Reverse_Optical_Flow_2_30_47_PM,238.7569,469,0-5,missing_dynamic,0,1,0.0,4.797046661376953,0.0,0.0,0.0,median_error,4.040823192131229
dynamic,120.0,2,PA118,PA118_Reverse_Optical_Flow_2_30_47_PM,239.2626,470,0-5,missing_dynamic,0,1,0.0,4.647146701812744,0.0,0.0,0.0,median_error,4.040823192131229
dynamic,120.0,2,PA118,PA118_Reverse_Optical_Flow_2_30_47_PM,239.776,471,0-5,missing_dynamic,0,1,0.0,4.524575710296631,0.0,0.0,0.0,median_error,4.040823192131229
dynamic,120.0,2,PA118,PA118_Reverse_Optical_Flow_2_30_47_PM,240.2858,472,0-5,missing_dynamic,0,1,0.0,4.433217525482178,0.0,0.0,0.0,median_error,4.040823192131229
dynamic,120.0,2,PA118,PA118_Reverse_Optical_Flow_2_30_47_PM,240.7865,473,0-5,missing_dynamic,0,1,0.0,4.370330333709717,0.0,0.0,0.0,median_error,4.040823192131229
dynamic,120.0,2,PA118,PA118_Reverse_Optical_Flow_2_30_47_PM,241.2989,474,0-5,missing_dynamic,0,1,0.0,4.316562175750732,0.0,0.0,0.0,median_error,4.040823192131229
dynamic,120.0,2,PA118,PA118_Reverse_Optical_Flow_2_30_47_PM,241.8,475,0-5,missing_dynamic,0,1,0.0,4.279861927032471,0.0,0.0,0.0,median_error,4.040823192131229
dynamic,120.0,2,PA118,PA118_Reverse_Optical_Flow_2_30_47_PM,242.3049,476,0-5,missing_dynamic,0,1,0.0,4.253110885620117,0.0,0.0,0.0,median_error,4.040823192131229
dynamic,120.0,2,PA118,PA118_Reverse_Optical_Flow_2_30_47_PM,242.8138,477,0-5,missing_dynamic,0,1,0.0,4.224485874176025,0.0,0.0,0.0,median_error,4.040823192131229
dynamic,120.0,2,PA118,PA118_Reverse_Optical_Flow_2_30_47_PM,243.3274,478,0-5,missing_dynamic,0,1,0.0,4.193368434906006,0.0,0.0,0.0,median_error,4.040823192131229
dynamic,120.0,2,PA118,PA118_Reverse_Optical_Flow_2_30_47_PM,243.8294,479,0-5,missing_dynamic,0,1,0.0,4.154592037200928,0.0,0.0,0.0,median_error,4.040823192131229
dynamic,120.0,2,PA118,PA118_Reverse_Optical_Flow_2_30_47_PM,244.3402,480,0-5,missing_dynamic,0,1,0.0,4.130790710449219,0.0,0.0,0.0,median_error,4.040823192131229
dynamic,120.0,2,PA118,PA118_Reverse_Optical_Flow_2_30_47_PM,244.8412,481,0-5,missing_dynamic,0,1,0.0,4.1078314781188965,0.0,0.0,0.0,median_error,4.040823192131229
dynamic,120.0,2,PA118,PA118_Reverse_Optical_Flow_2_30_47_PM,245.3423,482,0-5,missing_dynamic,0,1,0.0,4.09222412109375,0.0,0.0,0.0,median_error,4.040823192131229
dynamic,120.0,2,PA118,PA118_Reverse_Optical_Flow_2_30_47_PM,245.8601,483,0-5,missing_dynamic,0,1,0.0,4.079611778259277,0.0,0.0,0.0,median_error,4.040823192131229
dynamic,120.0,2,PA118,PA118_Reverse_Optical_Flow_2_30_47_PM,246.3701,484,0-5,missing_dynamic,0,1,0.0,4.065718173980713,0.0,0.0,0.0,median_error,4.040823192131229
dynamic,120.0,2,PA118,PA118_Reverse_Optical_Flow_2_30_47_PM,246.8817,485,0-5,missing_dynamic,0,1,0.0,4.081367492675781,0.0,0.0,0.0,median_error,4.040823192131229
dynamic,120.0,2,PA118,PA118_Reverse_Optical_Flow_2_30_47_PM,247.3819,486,0-5,missing_dynamic,0,1,0.0,4.0863118171691895,0.0,0.0,0.0,median_error,4.040823192131229
dynamic,120.0,2,PA118,PA118_Reverse_Optical_Flow_2_30_47_PM,247.9156,487,0-5,missing_dynamic,0,1,0.0,4.062038898468018,0.0,0.0,0.0,median_error,4.040823192131229
dynamic,120.0,2,PA118,PA118_Reverse_Optical_Flow_2_30_47_PM,248.4235,488,0-5,missing_dynamic,0,1,0.0,4.046074390411377,0.0,0.0,0.0,median_error,4.040823192131229
dynamic,120.0,2,PA118,PA118_Reverse_Optical_Flow_2_30_47_PM,248.9372,489,0-5,missing_dynamic,0,1,0.0,4.048166275024414,0.0,0.0,0.0,median_error,4.040823192131229
dynamic,120.0,2,PA118,PA118_Reverse_Optical_Flow_2_30_47_PM,249.44,490,0-5,missing_dynamic,0,1,0.0,4.051389694213867,0.0,0.0,0.0,median_error,4.040823192131229
dynamic,120.0,2,PA118,PA118_Reverse_Optical_Flow_2_30_47_PM,249.95,491,0-5,missing_dynamic,0,1,0.0,4.054708480834961,0.0,0.0,0.0,median_error,4.040823192131229
dynamic,120.0,2,PA118,PA118_Reverse_Optical_Flow_2_30_47_PM,250.4512,492,0-5,missing_dynamic,0,1,0.0,4.048891544342041,0.0,0.0,0.0,median_error,4.040823192131229
dynamic,120.0,2,PA118,PA118_Reverse_Optical_Flow_2_30_47_PM,250.9664,493,0-5,missing_dynamic,0,1,0.0,4.050257682800293,0.0,0.0,0.0,median_error,4.040823192131229
dynamic,120.0,2,PA118,PA118_Reverse_Optical_Flow_2_30_47_PM,251.4791,494,0-5,missing_dynamic,0,1,0.0,4.042380332946777,0.0,0.0,0.0,median_error,4.040823192131229
dynamic,120.0,2,PA118,PA118_Reverse_Optical_Flow_2_30_47_PM,251.9924,495,0-5,missing_dynamic,0,1,0.0,4.032402992248535,0.0,0.0,0.0,median_error,4.040823192131229
dynamic,120.0,2,PA118,PA118_Reverse_Optical_Flow_2_30_47_PM,252.5085,496,0-5,missing_dynamic,0,1,0.0,4.027717113494873,0.0,0.0,0.0,median_error,4.040823192131229
dynamic,120.0,2,PA118,PA118_Reverse_Optical_Flow_2_30_47_PM,253.0095,497,0-5,missing_dynamic,0,1,0.0,4.013415813446045,0.0,0.0,0.0,median_error,4.040823192131229
dynamic,120.0,2,PA118,PA118_Reverse_Optical_Flow_2_30_47_PM,253.521,498,0-5,missing_dynamic,0,1,0.0,4.015181064605713,0.0,0.0,0.0,median_error,4.040823192131229
dynamic,120.0,2,PA118,PA118_Reverse_Optical_Flow_2_30_47_PM,254.0343,499,0-5,missing_dynamic,0,1,0.0,4.0197625160217285,0.0,0.0,0.0,median_error,4.040823192131229
dynamic,120.0,2,PA118,PA118_Reverse_Optical_Flow_2_30_47_PM,254.5344,500,0-5,missing_dynamic,0,1,0.0,4.0233683586120605,0.0,0.0,0.0,median_error,4.040823192131229
dynamic,120.0,2,PA118,PA118_Reverse_Optical_Flow_2_30_47_PM,255.0375,501,0-5,missing_dynamic,0,1,0.0,4.028146743774414,0.0,0.0,0.0,median_error,4.040823192131229
dynamic,120.0,2,PA118,PA118_Reverse_Optical_Flow_2_30_47_PM,255.5497,502,0-5,missing_dynamic,0,1,0.0,4.019608974456787,0.0,0.0,0.0,median_error,4.040823192131229
dynamic,120.0,2,PA118,PA118_Reverse_Optical_Flow_2_30_47_PM,256.062,503,0-5,missing_dynamic,0,1,0.0,4.029613494873047,0.0,0.0,0.0,median_error,4.040823192131229
dynamic,120.0,2,PA118,PA118_Reverse_Optical_Flow_2_30_47_PM,256.5631,504,0-5,missing_dynamic,0,1,0.0,4.0498433113098145,0.0,0.0,0.0,median_error,4.040823192131229
dynamic,120.0,2,PA118,PA118_Reverse_Optical_Flow_2_30_47_PM,257.0768,505,0-5,missing_dynamic,0,1,0.0,4.055150508880615,0.0,0.0,0.0,median_error,4.040823192131229
dynamic,120.0,2,PA118,PA118_Reverse_Optical_Flow_2_30_47_PM,257.5775,506,0-5,missing_dynamic,0,1,0.0,4.064360618591309,0.0,0.0,0.0,median_error,4.040823192131229
dynamic,120.0,2,PA118,PA118_Reverse_Optical_Flow_2_30_47_PM,258.0953,507,0-5,missing_dynamic,0,1,0.0,4.051127910614014,0.0,0.0,0.0,median_error,4.040823192131229
dynamic,120.0,2,PA118,PA118_Reverse_Optical_Flow_2_30_47_PM,258.6039,508,0-5,missing_dynamic,0,1,0.0,4.029458522796631,0.0,0.0,0.0,median_error,4.040823192131229
dynamic,120.0,2,PA118,PA118_Reverse_Optical_Flow_2_30_47_PM,259.1061,509,0-5,missing_dynamic,0,1,0.0,4.006190776824951,0.0,0.0,0.0,median_error,4.040823192131229
dynamic,120.0,2,PA118,PA118_Reverse_Optical_Flow_2_30_47_PM,259.619,510,0-5,missing_dynamic,0,1,0.0,3.9920551776885986,0.0,0.0,0.0,median_error,4.040823192131229
dynamic,120.0,2,PA118,PA118_Reverse_Optical_Flow_2_30_47_PM,260.1311,511,0-5,missing_dynamic,0,1,0.0,4.007635593414307,0.0,0.0,0.0,median_error,4.040823192131229
dynamic,120.0,2,PA118,PA118_Reverse_Optical_Flow_2_30_47_PM,260.6344,512,0-5,missing_dynamic,0,1,0.0,4.025331974029541,0.0,0.0,0.0,median_error,4.040823192131229
dynamic,120.0,2,PA118,PA118_Reverse_Optical_Flow_2_30_47_PM,261.1475,513,0-5,missing_dynamic,0,1,0.0,4.027895450592041,0.0,0.0,0.0,median_error,4.040823192131229
dynamic,120.0,2,PA118,PA118_Reverse_Optical_Flow_2_30_47_PM,261.6596,514,0-5,missing_dynamic,0,1,0.0,3.955087900161743,0.0,0.0,0.0,median_error,4.040823192131229
dynamic,120.0,2,PA118,PA118_Reverse_Optical_Flow_2_30_47_PM,262.1732,515,0-5,missing_dynamic,0,1,0.0,3.764725685119629,0.0,0.0,0.0,median_error,4.040823192131229
dynamic,120.0,2,PA118,PA118_Reverse_Optical_Flow_2_30_47_PM,262.6733,516,0-5,missing_dynamic,0,1,0.0,3.593295097351074,0.0,0.0,0.0,median_error,4.040823192131229
dynamic,120.0,2,PA118,PA118_Reverse_Optical_Flow_2_30_47_PM,263.174,517,0-5,missing_dynamic,0,1,0.0,3.5000486373901367,0.0,0.0,0.0,median_error,4.040823192131229
dynamic,120.0,2,PA118,PA118_Reverse_Optical_Flow_2_30_47_PM,263.688,518,0-5,missing_dynamic,0,1,0.0,3.6341562271118164,0.0,0.0,0.0,median_error,4.040823192131229
dynamic,120.0,2,PA118,PA118_Reverse_Optical_Flow_2_30_47_PM,264.1895,519,0-5,missing_dynamic,0,1,0.0,3.788564682006836,0.0,0.0,0.0,median_error,4.040823192131229
dynamic,120.0,2,PA118,PA118_Reverse_Optical_Flow_2_30_47_PM,264.7011,520,0-5,missing_dynamic,0,1,0.0,3.8912127017974854,0.0,0.0,0.0,median_error,4.040823192131229
dynamic,120.0,2,PA118,PA118_Reverse_Optical_Flow_2_30_47_PM,265.2013,521,0-5,missing_dynamic,0,1,0.0,3.955713987350464,0.0,0.0,0.0,median_error,4.040823192131229
dynamic,120.0,2,PA118,PA118_Reverse_Optical_Flow_2_30_47_PM,265.7023,522,0-5,missing_dynamic,0,1,0.0,4.008361339569092,0.0,0.0,0.0,median_error,4.040823192131229
dynamic,120.0,2,PA118,PA118_Reverse_Optical_Flow_2_30_47_PM,266.2171,523,0-5,missing_dynamic,0,1,0.0,4.035741806030273,0.0,0.0,0.0,median_error,4.040823192131229
dynamic,120.0,2,PA118,PA118_Reverse_Optical_Flow_2_30_47_PM,266.7219,524,0-5,missing_dynamic,0,1,0.0,4.06165885925293,0.0,0.0,0.0,median_error,4.040823192131229
dynamic,120.0,2,PA118,PA118_Reverse_Optical_Flow_2_30_47_PM,267.229,525,0-5,missing_dynamic,0,1,0.0,4.074951171875,0.0,0.0,0.0,median_error,4.040823192131229
dynamic,120.0,2,PA22,PA22_RoF_Foward_Texture_1_31_43_PM,121.7956,239,15-20,complete_dynamic,1,0,18.0,7.760951995849609,1.0,-2.0,1.0,high_error,10.611533449785743
dynamic,120.0,2,PA22,PA22_RoF_Foward_Texture_1_31_43_PM,122.2976,240,15-20,complete_dynamic,0,1,18.0,7.755321025848389,0.0,-1.0,1.0,high_error,10.611533449785743
dynamic,120.0,2,PA22,PA22_RoF_Foward_Texture_1_31_43_PM,122.8,241,15-20,complete_dynamic,0,1,18.0,7.767491817474365,0.0,0.0,1.0,high_error,10.611533449785743
dynamic,120.0,2,PA22,PA22_RoF_Foward_Texture_1_31_43_PM,123.3074,242,15-20,complete_dynamic,0,1,18.0,7.777995586395264,0.0,1.0,1.0,high_error,10.611533449785743
dynamic,120.0,2,PA22,PA22_RoF_Foward_Texture_1_31_43_PM,123.8093,243,15-20,complete_dynamic,0,1,18.0,7.791707515716553,0.0,1.0,1.0,high_error,10.611533449785743
dynamic,120.0,2,PA22,PA22_RoF_Foward_Texture_1_31_43_PM,124.3231,244,15-20,complete_dynamic,0,1,18.0,7.800857067108154,0.0,1.0,1.0,high_error,10.611533449785743
dynamic,120.0,2,PA22,PA22_RoF_Foward_Texture_1_31_43_PM,124.8235,245,15-20,complete_dynamic,0,1,18.0,7.808365345001221,0.0,1.0,1.0,high_error,10.611533449785743
dynamic,120.0,2,PA22,PA22_RoF_Foward_Texture_1_31_43_PM,125.3374,246,15-20,complete_dynamic,0,1,18.0,7.82355260848999,0.0,1.0,1.0,high_error,10.611533449785743
dynamic,120.0,2,PA22,PA22_RoF_Foward_Texture_1_31_43_PM,125.8504,247,15-20,complete_dynamic,1,0,17.0,7.860772609710693,1.0,2.0,2.0,high_error,10.611533449785743
dynamic,120.0,2,PA22,PA22_RoF_Foward_Texture_1_31_43_PM,126.3509,248,15-20,complete_dynamic,1,0,16.0,7.869741916656494,1.0,3.0,3.0,high_error,10.611533449785743
dynamic,120.0,2,PA22,PA22_RoF_Foward_Texture_1_31_43_PM,126.8648,249,15-20,complete_dynamic,0,1,16.0,7.832398891448975,0.0,3.0,3.0,high_error,10.611533449785743
dynamic,120.0,2,PA22,PA22_RoF_Foward_Texture_1_31_43_PM,127.3652,250,15-20,complete_dynamic,1,0,17.0,7.807084560394287,1.0,2.0,2.0,high_error,10.611533449785743
dynamic,120.0,2,PA22,PA22_RoF_Foward_Texture_1_31_43_PM,127.8787,251,15-20,complete_dynamic,1,0,18.0,7.8157501220703125,1.0,1.0,1.0,high_error,10.611533449785743
dynamic,120.0,2,PA22,PA22_RoF_Foward_Texture_1_31_43_PM,128.3917,252,15-20,complete_dynamic,1,0,19.0,7.864475727081299,1.0,0.0,0.0,high_error,10.611533449785743
dynamic,120.0,2,PA22,PA22_RoF_Foward_Texture_1_31_43_PM,128.892,253,15-20,complete_dynamic,0,1,19.0,7.924501895904541,0.0,0.0,0.0,high_error,10.611533449785743
dynamic,120.0,2,PA22,PA22_RoF_Foward_Texture_1_31_43_PM,129.4055,254,15-20,complete_dynamic,0,1,19.0,7.8638691902160645,0.0,0.0,0.0,high_error,10.611533449785743
dynamic,120.0,2,PA22,PA22_RoF_Foward_Texture_1_31_43_PM,129.9192,255,15-20,complete_dynamic,0,1,19.0,7.8380303382873535,0.0,0.0,0.0,high_error,10.611533449785743
dynamic,120.0,2,PA22,PA22_RoF_Foward_Texture_1_31_43_PM,130.4196,256,15-20,complete_dynamic,0,1,19.0,7.849413871765137,0.0,0.0,0.0,high_error,10.611533449785743
dynamic,120.0,2,PA22,PA22_RoF_Foward_Texture_1_31_43_PM,130.9255,257,15-20,complete_dynamic,0,1,19.0,7.831715106964111,0.0,0.0,0.0,high_error,10.611533449785743
dynamic,120.0,2,PA22,PA22_RoF_Foward_Texture_1_31_43_PM,131.4341,258,15-20,complete_dynamic,0,1,19.0,7.804480075836182,0.0,0.0,0.0,high_error,10.611533449785743
dynamic,120.0,2,PA22,PA22_RoF_Foward_Texture_1_31_43_PM,131.9472,259,15-20,complete_dynamic,0,1,19.0,7.794795989990234,0.0,0.0,0.0,high_error,10.611533449785743
dynamic,120.0,2,PA22,PA22_RoF_Foward_Texture_1_31_43_PM,132.4618,260,15-20,complete_dynamic,0,1,19.0,7.804492473602295,0.0,0.0,0.0,high_error,10.611533449785743
dynamic,120.0,2,PA22,PA22_RoF_Foward_Texture_1_31_43_PM,132.9745,261,15-20,complete_dynamic,0,1,19.0,7.817448139190674,0.0,0.0,0.0,high_error,10.611533449785743
dynamic,120.0,2,PA22,PA22_RoF_Foward_Texture_1_31_43_PM,133.48,262,15-20,complete_dynamic,0,1,19.0,7.807326793670654,0.0,0.0,0.0,high_error,10.611533449785743
dynamic,120.0,2,PA22,PA22_RoF_Foward_Texture_1_31_43_PM,133.9879,263,15-20,complete_dynamic,0,1,19.0,7.789891719818115,0.0,0.0,0.0,high_error,10.611533449785743
dynamic,120.0,2,PA22,PA22_RoF_Foward_Texture_1_31_43_PM,134.488,264,15-20,complete_dynamic,0,1,19.0,7.794853687286377,0.0,0.0,0.0,high_error,10.611533449785743
dynamic,120.0,2,PA22,PA22_RoF_Foward_Texture_1_31_43_PM,134.9953,265,15-20,complete_dynamic,0,1,19.0,7.893700122833252,0.0,0.0,0.0,high_error,10.611533449785743
dynamic,120.0,2,PA22,PA22_RoF_Foward_Texture_1_31_43_PM,135.507,266,15-20,complete_dynamic,0,1,19.0,7.947349548339844,0.0,0.0,0.0,high_error,10.611533449785743
dynamic,120.0,2,PA22,PA22_RoF_Foward_Texture_1_31_43_PM,136.0167,267,15-20,complete_dynamic,0,1,19.0,7.9353928565979,0.0,0.0,0.0,high_error,10.611533449785743
dynamic,120.0,2,PA22,PA22_RoF_Foward_Texture_1_31_43_PM,136.5184,268,15-20,complete_dynamic,0,1,19.0,7.917237758636475,0.0,0.0,0.0,high_error,10.611533449785743
dynamic,120.0,2,PA22,PA22_RoF_Foward_Texture_1_31_43_PM,137.0302,269,15-20,complete_dynamic,0,1,19.0,7.873509883880615,0.0,0.0,0.0,high_error,10.611533449785743
dynamic,120.0,2,PA22,PA22_RoF_Foward_Texture_1_31_43_PM,137.5305,270,15-20,complete_dynamic,0,1,19.0,7.8424458503723145,0.0,0.0,0.0,high_error,10.611533449785743
dynamic,120.0,2,PA22,PA22_RoF_Foward_Texture_1_31_43_PM,138.0315,271,15-20,complete_dynamic,0,1,19.0,7.850856304168701,0.0,0.0,0.0,high_error,10.611533449785743
dynamic,120.0,2,PA22,PA22_RoF_Foward_Texture_1_31_43_PM,138.5445,272,15-20,complete_dynamic,0,1,19.0,7.914900302886963,0.0,0.0,0.0,high_error,10.611533449785743
dynamic,120.0,2,PA22,PA22_RoF_Foward_Texture_1_31_43_PM,139.05,273,15-20,complete_dynamic,0,1,19.0,8.017694473266602,0.0,0.0,0.0,high_error,10.611533449785743
dynamic,120.0,2,PA22,PA22_RoF_Foward_Texture_1_31_43_PM,139.5597,274,15-20,complete_dynamic,0,1,19.0,7.886025905609131,0.0,0.0,0.0,high_error,10.611533449785743
dynamic,120.0,2,PA22,PA22_RoF_Foward_Texture_1_31_43_PM,140.0719,275,15-20,complete_dynamic,0,1,19.0,7.425780773162842,0.0,0.0,0.0,high_error,10.611533449785743
dynamic,120.0,2,PA22,PA22_RoF_Foward_Texture_1_31_43_PM,140.5859,276,15-20,complete_dynamic,0,1,19.0,7.469420909881592,0.0,0.0,0.0,high_error,10.611533449785743
dynamic,120.0,2,PA22,PA22_RoF_Foward_Texture_1_31_43_PM,141.0987,277,15-20,complete_dynamic,0,1,19.0,7.728098392486572,0.0,0.0,0.0,high_error,10.611533449785743
dynamic,120.0,2,PA22,PA22_RoF_Foward_Texture_1_31_43_PM,141.6007,278,15-20,complete_dynamic,0,1,19.0,7.816977024078369,0.0,0.0,0.0,high_error,10.611533449785743
dynamic,120.0,2,PA22,PA22_RoF_Foward_Texture_1_31_43_PM,142.1111,279,15-20,complete_dynamic,0,1,19.0,7.8801655769348145,0.0,0.0,0.0,high_error,10.611533449785743
dynamic,120.0,2,PA22,PA22_RoF_Foward_Texture_1_31_43_PM,142.6145,280,15-20,complete_dynamic,0,1,19.0,7.958652019500732,0.0,0.0,0.0,high_error,10.611533449785743
dynamic,120.0,2,PA22,PA22_RoF_Foward_Texture_1_31_43_PM,143.1258,281,15-20,complete_dynamic,0,1,19.0,8.057232856750488,0.0,0.0,0.0,high_error,10.611533449785743
dynamic,120.0,2,PA22,PA22_RoF_Foward_Texture_1_31_43_PM,143.6308,282,15-20,complete_dynamic,0,1,19.0,8.07594108581543,0.0,0.0,0.0,high_error,10.611533449785743
dynamic,120.0,2,PA22,PA22_RoF_Foward_Texture_1_31_43_PM,144.1416,283,15-20,complete_dynamic,0,1,19.0,8.082036018371582,0.0,0.0,0.0,high_error,10.611533449785743
dynamic,120.0,2,PA22,PA22_RoF_Foward_Texture_1_31_43_PM,144.655,284,15-20,complete_dynamic,0,1,19.0,8.390569686889648,0.0,0.0,0.0,high_error,10.611533449785743
dynamic,120.0,2,PA22,PA22_RoF_Foward_Texture_1_31_43_PM,145.1552,285,15-20,complete_dynamic,0,1,19.0,8.558588981628418,0.0,0.0,0.0,high_error,10.611533449785743
dynamic,120.0,2,PA22,PA22_RoF_Foward_Texture_1_31_43_PM,145.6557,286,15-20,complete_dynamic,0,1,19.0,8.546136856079102,0.0,0.0,0.0,high_error,10.611533449785743
dynamic,120.0,2,PA22,PA22_RoF_Foward_Texture_1_31_43_PM,146.1678,287,15-20,complete_dynamic,0,1,19.0,8.467056274414062,0.0,0.0,0.0,high_error,10.611533449785743
dynamic,120.0,2,PA22,PA22_RoF_Foward_Texture_1_31_43_PM,146.6684,288,15-20,complete_dynamic,0,1,19.0,8.472453117370605,0.0,0.0,0.0,high_error,10.611533449785743
dynamic,120.0,2,PA22,PA22_RoF_Foward_Texture_1_31_43_PM,147.1756,289,15-20,complete_dynamic,0,1,19.0,8.44369888305664,0.0,0.0,0.0,high_error,10.611533449785743
dynamic,120.0,2,PA22,PA22_RoF_Foward_Texture_1_31_43_PM,147.6832,290,15-20,complete_dynamic,0,1,19.0,8.45541000366211,0.0,0.0,0.0,high_error,10.611533449785743
dynamic,120.0,2,PA22,PA22_RoF_Foward_Texture_1_31_43_PM,148.1967,291,15-20,complete_dynamic,0,1,19.0,8.452675819396973,0.0,0.0,0.0,high_error,10.611533449785743
dynamic,120.0,2,PA22,PA22_RoF_Foward_Texture_1_31_43_PM,148.7094,292,15-20,complete_dynamic,0,1,19.0,8.429437637329102,0.0,0.0,0.0,high_error,10.611533449785743
dynamic,120.0,2,PA22,PA22_RoF_Foward_Texture_1_31_43_PM,149.2096,293,15-20,complete_dynamic,0,1,19.0,8.414718627929688,0.0,0.0,0.0,high_error,10.611533449785743
dynamic,120.0,2,PA22,PA22_RoF_Foward_Texture_1_31_43_PM,149.7242,294,15-20,complete_dynamic,0,1,19.0,8.404193878173828,0.0,0.0,0.0,high_error,10.611533449785743
dynamic,120.0,2,PA22,PA22_RoF_Foward_Texture_1_31_43_PM,150.2243,295,15-20,complete_dynamic,0,1,19.0,8.40872573852539,0.0,0.0,0.0,high_error,10.611533449785743
dynamic,120.0,2,PA22,PA22_RoF_Foward_Texture_1_31_43_PM,150.7381,296,15-20,complete_dynamic,0,1,19.0,8.429819107055664,0.0,0.0,0.0,high_error,10.611533449785743
dynamic,120.0,2,PA22,PA22_RoF_Foward_Texture_1_31_43_PM,151.2389,297,15-20,complete_dynamic,0,1,19.0,8.426645278930664,0.0,0.0,0.0,high_error,10.611533449785743
dynamic,120.0,2,PA22,PA22_RoF_Foward_Texture_1_31_43_PM,151.7441,298,15-20,complete_dynamic,0,1,19.0,8.423765182495117,0.0,0.0,0.0,high_error,10.611533449785743
dynamic,120.0,2,PA22,PA22_RoF_Foward_Texture_1_31_43_PM,152.2517,299,15-20,complete_dynamic,0,1,19.0,8.42068099975586,0.0,0.0,0.0,high_error,10.611533449785743
dynamic,120.0,2,PA22,PA22_RoF_Foward_Texture_1_31_43_PM,152.7659,300,15-20,complete_dynamic,0,1,19.0,8.41702938079834,0.0,0.0,0.0,high_error,10.611533449785743
dynamic,120.0,2,PA22,PA22_RoF_Foward_Texture_1_31_43_PM,153.2675,301,15-20,complete_dynamic,0,1,19.0,7.76128625869751,0.0,0.0,0.0,high_error,10.611533449785743
dynamic,120.0,2,PA22,PA22_RoF_Foward_Texture_1_31_43_PM,153.7795,302,15-20,complete_dynamic,0,1,19.0,7.767818927764893,0.0,0.0,0.0,high_error,10.611533449785743
dynamic,120.0,2,PA22,PA22_RoF_Foward_Texture_1_31_43_PM,154.2795,303,15-20,complete_dynamic,0,1,19.0,7.880096435546875,0.0,0.0,0.0,high_error,10.611533449785743
dynamic,120.0,2,PA22,PA22_RoF_Foward_Texture_1_31_43_PM,154.7802,304,15-20,complete_dynamic,0,1,19.0,7.921285152435303,0.0,0.0,1.0,high_error,10.611533449785743
dynamic,120.0,2,PA22,PA22_RoF_Foward_Texture_1_31_43_PM,155.2865,305,15-20,complete_dynamic,0,1,19.0,7.952622890472412,0.0,0.0,1.0,high_error,10.611533449785743
dynamic,120.0,2,PA22,PA22_RoF_Foward_Texture_1_31_43_PM,155.7931,306,15-20,complete_dynamic,0,1,19.0,7.9500555992126465,0.0,0.0,1.0,high_error,10.611533449785743
dynamic,120.0,2,PA22,PA22_RoF_Foward_Texture_1_31_43_PM,156.2938,307,15-20,complete_dynamic,0,1,19.0,7.9081315994262695,0.0,0.0,0.0,high_error,10.611533449785743
dynamic,120.0,2,PA22,PA22_RoF_Foward_Texture_1_31_43_PM,156.8077,308,15-20,complete_dynamic,0,1,19.0,7.898593425750732,0.0,0.0,-2.0,high_error,10.611533449785743
dynamic,120.0,2,PA22,PA22_RoF_Foward_Texture_1_31_43_PM,157.3213,309,15-20,complete_dynamic,0,1,19.0,7.898016452789307,0.0,0.0,-1.0,high_error,10.611533449785743
dynamic,120.0,2,PA22,PA22_RoF_Foward_Texture_1_31_43_PM,157.8214,310,15-20,complete_dynamic,0,1,19.0,7.81471586227417,0.0,0.0,-1.0,high_error,10.611533449785743
dynamic,120.0,2,PA22,PA22_RoF_Foward_Texture_1_31_43_PM,158.3218,311,15-20,complete_dynamic,0,1,19.0,7.755381107330322,0.0,0.0,0.0,high_error,10.611533449785743
dynamic,120.0,2,PA22,PA22_RoF_Foward_Texture_1_31_43_PM,158.8266,312,15-20,complete_dynamic,0,1,19.0,7.809180736541748,0.0,0.0,1.0,high_error,10.611533449785743
dynamic,120.0,2,PA22,PA22_RoF_Foward_Texture_1_31_43_PM,159.3361,313,15-20,complete_dynamic,0,1,19.0,7.083626747131348,0.0,0.0,1.0,high_error,10.611533449785743
dynamic,120.0,2,PA22,PA22_RoF_Foward_Texture_1_31_43_PM,159.8486,314,15-20,complete_dynamic,0,1,19.0,7.2235188484191895,0.0,1.0,1.0,high_error,10.611533449785743
dynamic,120.0,2,PA22,PA22_RoF_Foward_Texture_1_31_43_PM,160.3627,315,15-20,complete_dynamic,0,1,19.0,7.518681049346924,0.0,1.0,1.0,high_error,10.611533449785743
dynamic,120.0,2,PA22,PA22_RoF_Foward_Texture_1_31_43_PM,160.8632,316,15-20,complete_dynamic,0,1,19.0,7.45034122467041,0.0,1.0,1.0,high_error,10.611533449785743
dynamic,120.0,2,PA22,PA22_RoF_Foward_Texture_1_31_43_PM,161.3779,317,15-20,complete_dynamic,0,1,19.0,7.540576457977295,0.0,0.0,1.0,high_error,10.611533449785743
dynamic,120.0,2,PA22,PA22_RoF_Foward_Texture_1_31_43_PM,161.8897,318,15-20,complete_dynamic,0,1,19.0,7.5475897789001465,0.0,-2.0,1.0,high_error,10.611533449785743
dynamic,120.0,2,PA22,PA22_RoF_Foward_Texture_1_31_43_PM,162.3898,319,15-20,complete_dynamic,0,1,19.0,7.523553371429443,0.0,-1.0,1.0,high_error,10.611533449785743
dynamic,120.0,2,PA22,PA22_RoF_Foward_Texture_1_31_43_PM,162.8901,320,15-20,complete_dynamic,0,1,19.0,7.61650276184082,0.0,-1.0,1.0,high_error,10.611533449785743
dynamic,120.0,2,PA22,PA22_RoF_Foward_Texture_1_31_43_PM,163.3907,321,15-20,complete_dynamic,0,1,19.0,7.674960136413574,0.0,0.0,1.0,high_error,10.611533449785743
dynamic,120.0,2,PA22,PA22_RoF_Foward_Texture_1_31_43_PM,163.9037,322,15-20,complete_dynamic,0,1,19.0,7.742187023162842,0.0,1.0,1.0,high_error,10.611533449785743
dynamic,120.0,2,PA22,PA22_RoF_Foward_Texture_1_31_43_PM,164.4043,323,15-20,complete_dynamic,0,1,19.0,7.787398815155029,0.0,1.0,1.0,high_error,10.611533449785743
dynamic,120.0,2,PA22,PA22_RoF_Foward_Texture_1_31_43_PM,164.9183,324,15-20,complete_dynamic,1,0,20.0,7.864827632904053,1.0,0.0,0.0,high_error,10.611533449785743
dynamic,120.0,2,PA22,PA22_RoF_Foward_Texture_1_31_43_PM,165.4318,325,15-20,complete_dynamic,0,1,20.0,7.837192535400391,0.0,0.0,0.0,high_error,10.611533449785743
dynamic,120.0,2,PA22,PA22_RoF_Foward_Texture_1_31_43_PM,165.9367,326,15-20,complete_dynamic,0,1,20.0,7.948312282562256,0.0,0.0,0.0,high_error,10.611533449785743
dynamic,120.0,2,PA22,PA22_RoF_Foward_Texture_1_31_43_PM,166.4461,327,15-20,complete_dynamic,1,0,19.0,7.953307628631592,1.0,1.0,1.0,high_error,10.611533449785743
dynamic,120.0,2,PA22,PA22_RoF_Foward_Texture_1_31_43_PM,166.9518,328,15-20,complete_dynamic,1,0,17.0,7.986755847930908,1.0,3.0,3.0,high_error,10.611533449785743
dynamic,120.0,2,PA22,PA22_RoF_Foward_Texture_1_31_43_PM,167.4613,329,15-20,complete_dynamic,1,0,18.0,7.958428859710693,1.0,2.0,2.0,high_error,10.611533449785743
dynamic,120.0,2,PA22,PA22_RoF_Foward_Texture_1_31_43_PM,167.9728,330,15-20,complete_dynamic,0,1,18.0,7.92341947555542,0.0,2.0,2.0,high_error,10.611533449785743
dynamic,120.0,2,PA22,PA22_RoF_Foward_Texture_1_31_43_PM,168.4731,331,15-20,complete_dynamic,1,0,19.0,7.8925933837890625,1.0,1.0,1.0,high_error,10.611533449785743
dynamic,120.0,2,PA22,PA22_RoF_Foward_Texture_1_31_43_PM,168.9735,332,15-20,complete_dynamic,1,0,20.0,7.8701558113098145,1.0,0.0,0.0,high_error,10.611533449785743
dynamic,120.0,2,PA22,PA22_RoF_Foward_Texture_1_31_43_PM,169.4856,333,15-20,complete_dynamic,0,1,20.0,7.826280117034912,0.0,0.0,0.0,high_error,10.611533449785743
dynamic,120.0,2,PA22,PA22_RoF_Foward_Texture_1_31_43_PM,169.9867,334,15-20,complete_dynamic,0,1,20.0,7.842308521270752,0.0,0.0,0.0,high_error,10.611533449785743
dynamic,120.0,2,PA22,PA22_RoF_Foward_Texture_1_31_43_PM,170.4928,335,15-20,complete_dynamic,0,1,20.0,7.858536243438721,0.0,0.0,0.0,high_error,10.611533449785743
dynamic,120.0,2,PA22,PA22_RoF_Foward_Texture_1_31_43_PM,171.0009,336,15-20,complete_dynamic,0,1,20.0,7.808359622955322,0.0,0.0,0.0,high_error,10.611533449785743
dynamic,120.0,2,PA22,PA22_RoF_Foward_Texture_1_31_43_PM,171.5013,337,15-20,complete_dynamic,0,1,20.0,7.8191962242126465,0.0,0.0,0.0,high_error,10.611533449785743
dynamic,120.0,2,PA22,PA22_RoF_Foward_Texture_1_31_43_PM,172.0014,338,15-20,complete_dynamic,0,1,20.0,7.90395975112915,0.0,0.0,0.0,high_error,10.611533449785743
dynamic,120.0,2,PA22,PA22_RoF_Foward_Texture_1_31_43_PM,172.5148,339,15-20,complete_dynamic,0,1,20.0,8.055774688720703,0.0,0.0,0.0,high_error,10.611533449785743
dynamic,120.0,2,PA22,PA22_RoF_Foward_Texture_1_31_43_PM,173.0148,340,15-20,complete_dynamic,0,1,20.0,8.120794296264648,0.0,0.0,0.0,high_error,10.611533449785743
dynamic,120.0,2,PA22,PA22_RoF_Foward_Texture_1_31_43_PM,173.5151,341,15-20,complete_dynamic,0,1,20.0,8.213351249694824,0.0,0.0,0.0,high_error,10.611533449785743
dynamic,120.0,2,PA22,PA22_RoF_Foward_Texture_1_31_43_PM,174.033,342,15-20,complete_dynamic,0,1,20.0,8.37212085723877,0.0,0.0,0.0,high_error,10.611533449785743
dynamic,120.0,2,PA22,PA22_RoF_Foward_Texture_1_31_43_PM,174.5423,343,15-20,complete_dynamic,0,1,20.0,8.332752227783203,0.0,0.0,0.0,high_error,10.611533449785743
dynamic,120.0,2,PA22,PA22_RoF_Foward_Texture_1_31_43_PM,175.0423,344,15-20,complete_dynamic,0,1,20.0,8.30233383178711,0.0,0.0,0.0,high_error,10.611533449785743
dynamic,120.0,2,PA22,PA22_RoF_Foward_Texture_1_31_43_PM,175.5433,345,15-20,complete_dynamic,0,1,20.0,8.408803939819336,0.0,0.0,0.0,high_error,10.611533449785743
dynamic,120.0,2,PA22,PA22_RoF_Foward_Texture_1_31_43_PM,176.0566,346,15-20,complete_dynamic,0,1,20.0,8.299616813659668,0.0,0.0,0.0,high_error,10.611533449785743
dynamic,120.0,2,PA22,PA22_RoF_Foward_Texture_1_31_43_PM,176.558,347,15-20,complete_dynamic,0,1,20.0,8.545286178588867,0.0,0.0,0.0,high_error,10.611533449785743
dynamic,120.0,2,PA22,PA22_RoF_Foward_Texture_1_31_43_PM,177.0697,348,15-20,complete_dynamic,0,1,20.0,8.619710922241211,0.0,0.0,0.0,high_error,10.611533449785743
dynamic,120.0,2,PA22,PA22_RoF_Foward_Texture_1_31_43_PM,177.5753,349,15-20,complete_dynamic,0,1,20.0,8.600160598754883,0.0,0.0,0.0,high_error,10.611533449785743
dynamic,120.0,2,PA22,PA22_RoF_Foward_Texture_1_31_43_PM,178.0867,350,15-20,complete_dynamic,0,1,20.0,8.51725959777832,0.0,0.0,0.0,high_error,10.611533449785743
dynamic,120.0,2,PA22,PA22_RoF_Foward_Texture_1_31_43_PM,178.5983,351,15-20,complete_dynamic,0,1,20.0,8.468300819396973,0.0,0.0,0.0,high_error,10.611533449785743
dynamic,120.0,2,PA22,PA22_RoF_Foward_Texture_1_31_43_PM,179.1111,352,15-20,complete_dynamic,0,1,20.0,8.446958541870117,0.0,0.0,0.0,high_error,10.611533449785743
dynamic,120.0,2,PA22,PA22_RoF_Foward_Texture_1_31_43_PM,179.6134,353,15-20,complete_dynamic,0,1,20.0,8.458681106567383,0.0,0.0,-1.0,high_error,10.611533449785743
dynamic,120.0,2,PA22,PA22_RoF_Foward_Texture_1_31_43_PM,180.1262,354,15-20,complete_dynamic,0,1,20.0,8.434354782104492,0.0,0.0,-2.0,high_error,10.611533449785743
dynamic,120.0,2,PA22,PA22_RoF_Foward_Texture_1_31_43_PM,180.6398,355,15-20,complete_dynamic,0,1,20.0,8.425071716308594,0.0,0.0,-2.0,high_error,10.611533449785743
dynamic,120.0,2,PA22,PA22_RoF_Foward_Texture_1_31_43_PM,181.1402,356,15-20,complete_dynamic,0,1,20.0,8.388282775878906,0.0,0.0,-2.0,high_error,10.611533449785743
dynamic,120.0,2,PA22,PA22_RoF_Foward_Texture_1_31_43_PM,181.6402,357,15-20,complete_dynamic,0,1,20.0,8.375118255615234,0.0,0.0,-2.0,high_error,10.611533449785743
dynamic,120.0,2,PA22,PA22_RoF_Foward_Texture_1_31_43_PM,182.159,358,15-20,complete_dynamic,0,1,20.0,8.499971389770508,0.0,0.0,-2.0,high_error,10.611533449785743
dynamic,120.0,2,PA22,PA22_RoF_Foward_Texture_1_31_43_PM,182.6677,359,15-20,complete_dynamic,0,1,20.0,8.49322509765625,0.0,0.0,-2.0,high_error,10.611533449785743
dynamic,120.0,2,PA22,PA22_RoF_Foward_Texture_1_31_43_PM,183.1817,360,15-20,complete_dynamic,0,1,20.0,8.453189849853516,0.0,0.0,-2.0,high_error,10.611533449785743
dynamic,120.0,2,PA22,PA22_RoF_Foward_Texture_1_31_43_PM,183.6949,361,15-20,complete_dynamic,0,1,20.0,8.437859535217285,0.0,0.0,-2.0,high_error,10.611533449785743
dynamic,120.0,2,PA22,PA22_RoF_Foward_Texture_1_31_43_PM,184.1966,362,15-20,complete_dynamic,0,1,20.0,8.429705619812012,0.0,0.0,-2.0,high_error,10.611533449785743
dynamic,120.0,2,PA22,PA22_RoF_Foward_Texture_1_31_43_PM,184.7081,363,15-20,complete_dynamic,0,1,20.0,8.413108825683594,0.0,-1.0,-2.0,high_error,10.611533449785743
dynamic,120.0,2,PA22,PA22_RoF_Foward_Texture_1_31_43_PM,185.2083,364,15-20,complete_dynamic,0,1,20.0,8.410730361938477,0.0,-2.0,-2.0,high_error,10.611533449785743
dynamic,120.0,2,PA22,PA22_RoF_Foward_Texture_1_31_43_PM,185.7108,365,15-20,complete_dynamic,0,1,20.0,8.437610626220703,0.0,-2.0,-2.0,high_error,10.611533449785743
dynamic,120.0,2,PA22,PA22_RoF_Foward_Texture_1_31_43_PM,186.2241,366,15-20,complete_dynamic,0,1,20.0,8.372600555419922,0.0,-2.0,-2.0,high_error,10.611533449785743
dynamic,120.0,2,PA22,PA22_RoF_Foward_Texture_1_31_43_PM,186.7423,367,15-20,complete_dynamic,0,1,20.0,8.437301635742188,0.0,-2.0,-2.0,high_error,10.611533449785743
dynamic,120.0,2,PA22,PA22_RoF_Foward_Texture_1_31_43_PM,187.2509,368,15-20,complete_dynamic,0,1,20.0,8.289997100830078,0.0,-2.0,-2.0,high_error,10.611533449785743
dynamic,120.0,2,PA22,PA22_RoF_Foward_Texture_1_31_43_PM,187.7645,369,15-20,complete_dynamic,0,1,20.0,8.22764778137207,0.0,-2.0,-2.0,high_error,10.611533449785743
dynamic,120.0,2,PA22,PA22_RoF_Foward_Texture_1_31_43_PM,188.2788,370,15-20,complete_dynamic,0,1,20.0,8.179115295410156,0.0,-2.0,-2.0,high_error,10.611533449785743
dynamic,120.0,2,PA22,PA22_RoF_Foward_Texture_1_31_43_PM,188.7916,371,15-20,complete_dynamic,0,1,20.0,8.131173133850098,0.0,-2.0,-2.0,high_error,10.611533449785743
dynamic,120.0,2,PA22,PA22_RoF_Foward_Texture_1_31_43_PM,189.3056,372,15-20,complete_dynamic,0,1,20.0,8.086257934570312,0.0,-2.0,-2.0,high_error,10.611533449785743
dynamic,120.0,2,PA22,PA22_RoF_Foward_Texture_1_31_43_PM,189.819,373,15-20,complete_dynamic,1,0,19.0,8.048155784606934,1.0,-1.0,-1.0,high_error,10.611533449785743
dynamic,120.0,2,PA22,PA22_RoF_Foward_Texture_1_31_43_PM,190.3209,374,15-20,complete_dynamic,1,0,18.0,8.019552230834961,1.0,0.0,0.0,high_error,10.611533449785743
dynamic,120.0,2,PA22,PA22_RoF_Foward_Texture_1_31_43_PM,190.8318,375,15-20,complete_dynamic,0,1,18.0,7.987674713134766,0.0,0.0,0.0,high_error,10.611533449785743
dynamic,120.0,2,PA22,PA22_RoF_Foward_Texture_1_31_43_PM,191.3339,376,15-20,complete_dynamic,0,1,18.0,8.033109664916992,0.0,0.0,0.0,high_error,10.611533449785743
dynamic,120.0,2,PA22,PA22_RoF_Foward_Texture_1_31_43_PM,191.8472,377,15-20,complete_dynamic,0,1,18.0,8.034829139709473,0.0,0.0,0.0,high_error,10.611533449785743
dynamic,120.0,2,PA22,PA22_RoF_Foward_Texture_1_31_43_PM,192.3666,378,15-20,complete_dynamic,0,1,18.0,8.040763854980469,0.0,0.0,0.0,high_error,10.611533449785743
dynamic,120.0,2,PA22,PA22_RoF_Foward_Texture_1_31_43_PM,192.8744,379,15-20,complete_dynamic,0,1,18.0,8.089560508728027,0.0,0.0,0.0,high_error,10.611533449785743
dynamic,120.0,2,PA22,PA22_RoF_Foward_Texture_1_31_43_PM,193.3874,380,15-20,complete_dynamic,0,1,18.0,8.093902587890625,0.0,0.0,0.0,high_error,10.611533449785743
dynamic,120.0,2,PA22,PA22_RoF_Foward_Texture_1_31_43_PM,193.8875,381,15-20,complete_dynamic,0,1,18.0,8.184526443481445,0.0,0.0,0.0,high_error,10.611533449785743
dynamic,120.0,2,PA22,PA22_RoF_Foward_Texture_1_31_43_PM,194.3882,382,15-20,complete_dynamic,0,1,18.0,8.233955383300781,0.0,0.0,0.0,high_error,10.611533449785743
dynamic,120.0,2,PA22,PA22_RoF_Foward_Texture_1_31_43_PM,194.9018,383,15-20,complete_dynamic,0,1,18.0,8.223440170288086,0.0,0.0,0.0,high_error,10.611533449785743
dynamic,120.0,2,PA22,PA22_RoF_Foward_Texture_1_31_43_PM,195.4022,384,15-20,complete_dynamic,0,1,18.0,8.37319564819336,0.0,0.0,0.0,high_error,10.611533449785743
dynamic,120.0,2,PA22,PA22_RoF_Foward_Texture_1_31_43_PM,195.9083,385,15-20,complete_dynamic,0,1,18.0,8.271442413330078,0.0,0.0,0.0,high_error,10.611533449785743
dynamic,120.0,2,PA22,PA22_RoF_Foward_Texture_1_31_43_PM,196.4166,386,15-20,complete_dynamic,0,1,18.0,8.171066284179688,0.0,0.0,0.0,high_error,10.611533449785743
dynamic,120.0,2,PA22,PA22_RoF_Foward_Texture_1_31_43_PM,196.9301,387,15-20,complete_dynamic,0,1,18.0,8.090487480163574,0.0,0.0,0.0,high_error,10.611533449785743
dynamic,120.0,2,PA22,PA22_RoF_Foward_Texture_1_31_43_PM,197.4452,388,15-20,complete_dynamic,0,1,18.0,8.413043975830078,0.0,0.0,0.0,high_error,10.611533449785743
dynamic,120.0,2,PA22,PA22_RoF_Foward_Texture_1_31_43_PM,197.9586,389,15-20,complete_dynamic,0,1,18.0,9.018928527832031,0.0,0.0,0.0,high_error,10.611533449785743
dynamic,120.0,2,PA22,PA22_RoF_Foward_Texture_1_31_43_PM,198.4628,390,15-20,complete_dynamic,0,1,18.0,9.28115463256836,0.0,0.0,0.0,high_error,10.611533449785743
dynamic,120.0,2,PA22,PA22_RoF_Foward_Texture_1_31_43_PM,198.9712,391,15-20,complete_dynamic,0,1,18.0,9.371642112731934,0.0,0.0,0.0,high_error,10.611533449785743
dynamic,120.0,2,PA22,PA22_RoF_Foward_Texture_1_31_43_PM,199.4718,392,15-20,complete_dynamic,0,1,18.0,9.350698471069336,0.0,0.0,0.0,high_error,10.611533449785743
dynamic,120.0,2,PA22,PA22_RoF_Foward_Texture_1_31_43_PM,199.9868,393,15-20,complete_dynamic,0,1,18.0,9.451166152954102,0.0,0.0,0.0,high_error,10.611533449785743
dynamic,120.0,2,PA22,PA22_RoF_Foward_Texture_1_31_43_PM,200.4921,394,15-20,complete_dynamic,0,1,18.0,9.578266143798828,0.0,0.0,0.0,high_error,10.611533449785743
dynamic,120.0,2,PA22,PA22_RoF_Foward_Texture_1_31_43_PM,201.0001,395,15-20,complete_dynamic,0,1,18.0,9.599189758300781,0.0,0.0,1.0,high_error,10.611533449785743
dynamic,120.0,2,PA22,PA22_RoF_Foward_Texture_1_31_43_PM,201.5047,396,15-20,complete_dynamic,0,1,18.0,9.572882652282715,0.0,0.0,2.0,high_error,10.611533449785743
dynamic,120.0,2,PA22,PA22_RoF_Foward_Texture_1_31_43_PM,202.0131,397,15-20,complete_dynamic,0,1,18.0,9.60788345336914,0.0,0.0,2.0,high_error,10.611533449785743
dynamic,120.0,2,PA22,PA22_RoF_Foward_Texture_1_31_43_PM,202.5133,398,15-20,complete_dynamic,0,1,18.0,9.60165786743164,0.0,0.0,2.0,high_error,10.611533449785743
dynamic,120.0,2,PA22,PA22_RoF_Foward_Texture_1_31_43_PM,203.0187,399,15-20,complete_dynamic,0,1,18.0,9.578115463256836,0.0,0.0,2.0,high_error,10.611533449785743
dynamic,120.0,2,PA22,PA22_RoF_Foward_Texture_1_31_43_PM,203.5272,400,15-20,complete_dynamic,0,1,18.0,9.57210922241211,0.0,0.0,2.0,high_error,10.611533449785743
dynamic,120.0,2,PA22,PA22_RoF_Foward_Texture_1_31_43_PM,204.0329,401,15-20,complete_dynamic,0,1,18.0,9.54583740234375,0.0,0.0,2.0,high_error,10.611533449785743
dynamic,120.0,2,PA22,PA22_RoF_Foward_Texture_1_31_43_PM,204.5338,402,15-20,complete_dynamic,0,1,18.0,9.543611526489258,0.0,0.0,2.0,high_error,10.611533449785743
dynamic,120.0,2,PA22,PA22_RoF_Foward_Texture_1_31_43_PM,205.0406,403,15-20,complete_dynamic,0,1,18.0,9.541651725769043,0.0,0.0,2.0,high_error,10.611533449785743
dynamic,120.0,2,PA22,PA22_RoF_Foward_Texture_1_31_43_PM,205.5411,404,15-20,complete_dynamic,0,1,18.0,9.503702163696289,0.0,0.0,2.0,high_error,10.611533449785743
dynamic,120.0,2,PA22,PA22_RoF_Foward_Texture_1_31_43_PM,206.06,405,15-20,complete_dynamic,0,1,18.0,9.510302543640137,0.0,1.0,2.0,high_error,10.611533449785743
dynamic,120.0,2,PA22,PA22_RoF_Foward_Texture_1_31_43_PM,206.5686,406,15-20,complete_dynamic,0,1,18.0,9.517080307006836,0.0,2.0,2.0,high_error,10.611533449785743
dynamic,120.0,2,PA22,PA22_RoF_Foward_Texture_1_31_43_PM,207.0687,407,15-20,complete_dynamic,0,1,18.0,9.468021392822266,0.0,2.0,2.0,high_error,10.611533449785743
dynamic,120.0,2,PA22,PA22_RoF_Foward_Texture_1_31_43_PM,207.5816,408,15-20,complete_dynamic,0,1,18.0,9.553466796875,0.0,2.0,2.0,high_error,10.611533449785743
dynamic,120.0,2,PA22,PA22_RoF_Foward_Texture_1_31_43_PM,208.0833,409,15-20,complete_dynamic,0,1,18.0,9.609359741210938,0.0,2.0,2.0,high_error,10.611533449785743
dynamic,120.0,2,PA22,PA22_RoF_Foward_Texture_1_31_43_PM,208.5969,410,15-20,complete_dynamic,0,1,18.0,9.58438777923584,0.0,2.0,2.0,high_error,10.611533449785743
dynamic,120.0,2,PA22,PA22_RoF_Foward_Texture_1_31_43_PM,209.1093,411,15-20,complete_dynamic,0,1,18.0,9.517778396606445,0.0,2.0,2.0,high_error,10.611533449785743
dynamic,120.0,2,PA22,PA22_RoF_Foward_Texture_1_31_43_PM,209.6097,412,15-20,complete_dynamic,0,1,18.0,9.510429382324219,0.0,2.0,2.0,high_error,10.611533449785743
dynamic,120.0,2,PA22,PA22_RoF_Foward_Texture_1_31_43_PM,210.1249,413,15-20,complete_dynamic,0,1,18.0,9.529647827148438,0.0,2.0,2.0,high_error,10.611533449785743
dynamic,120.0,2,PA22,PA22_RoF_Foward_Texture_1_31_43_PM,210.6253,414,15-20,complete_dynamic,0,1,18.0,9.50444507598877,0.0,2.0,2.0,high_error,10.611533449785743
dynamic,120.0,2,PA22,PA22_RoF_Foward_Texture_1_31_43_PM,211.138,415,15-20,complete_dynamic,1,0,19.0,9.450092315673828,1.0,1.0,1.0,high_error,10.611533449785743
dynamic,120.0,2,PA22,PA22_RoF_Foward_Texture_1_31_43_PM,211.6384,416,15-20,complete_dynamic,1,0,20.0,9.470243453979492,1.0,0.0,0.0,high_error,10.611533449785743
dynamic,120.0,2,PA22,PA22_RoF_Foward_Texture_1_31_43_PM,212.1389,417,15-20,complete_dynamic,0,1,20.0,9.492162704467773,0.0,0.0,0.0,high_error,10.611533449785743
dynamic,120.0,2,PA22,PA22_RoF_Foward_Texture_1_31_43_PM,212.6508,418,15-20,complete_dynamic,0,1,20.0,9.516788482666016,0.0,0.0,0.0,high_error,10.611533449785743
dynamic,120.0,2,PA22,PA22_RoF_Foward_Texture_1_31_43_PM,213.1509,419,15-20,complete_dynamic,0,1,20.0,9.529624938964844,0.0,0.0,0.0,high_error,10.611533449785743
dynamic,120.0,2,PA22,PA22_RoF_Foward_Texture_1_31_43_PM,213.6513,420,15-20,complete_dynamic,0,1,20.0,9.537075996398926,0.0,0.0,0.0,high_error,10.611533449785743
dynamic,120.0,2,PA22,PA22_RoF_Foward_Texture_1_31_43_PM,214.166,421,15-20,complete_dynamic,0,1,20.0,9.53958511352539,0.0,0.0,0.0,high_error,10.611533449785743
dynamic,120.0,2,PA22,PA22_RoF_Foward_Texture_1_31_43_PM,214.6669,422,15-20,complete_dynamic,0,1,20.0,9.54166030883789,0.0,0.0,0.0,high_error,10.611533449785743
dynamic,120.0,2,PA22,PA22_RoF_Foward_Texture_1_31_43_PM,215.1695,423,15-20,complete_dynamic,0,1,20.0,9.541949272155762,0.0,0.0,0.0,high_error,10.611533449785743
dynamic,120.0,2,PA22,PA22_RoF_Foward_Texture_1_31_43_PM,215.6802,424,15-20,complete_dynamic,0,1,20.0,9.549857139587402,0.0,0.0,0.0,high_error,10.611533449785743
dynamic,120.0,2,PA22,PA22_RoF_Foward_Texture_1_31_43_PM,216.1928,425,15-20,complete_dynamic,0,1,20.0,9.546091079711914,0.0,0.0,0.0,high_error,10.611533449785743
dynamic,120.0,2,PA22,PA22_RoF_Foward_Texture_1_31_43_PM,216.6938,426,15-20,complete_dynamic,0,1,20.0,9.540605545043945,0.0,0.0,0.0,high_error,10.611533449785743
dynamic,120.0,2,PA22,PA22_RoF_Foward_Texture_1_31_43_PM,217.2078,427,15-20,complete_dynamic,0,1,20.0,9.530996322631836,0.0,0.0,0.0,high_error,10.611533449785743
dynamic,120.0,2,PA22,PA22_RoF_Foward_Texture_1_31_43_PM,217.7216,428,15-20,complete_dynamic,0,1,20.0,9.519582748413086,0.0,0.0,0.0,high_error,10.611533449785743
dynamic,120.0,2,PA22,PA22_RoF_Foward_Texture_1_31_43_PM,218.2238,429,15-20,complete_dynamic,0,1,20.0,9.508312225341797,0.0,0.0,0.0,high_error,10.611533449785743
dynamic,120.0,2,PA22,PA22_RoF_Foward_Texture_1_31_43_PM,218.7355,430,15-20,complete_dynamic,0,1,20.0,9.497912406921387,0.0,0.0,0.0,high_error,10.611533449785743
dynamic,120.0,2,PA22,PA22_RoF_Foward_Texture_1_31_43_PM,219.2409,431,15-20,complete_dynamic,0,1,20.0,9.491594314575195,0.0,0.0,0.0,high_error,10.611533449785743
dynamic,120.0,2,PA22,PA22_RoF_Foward_Texture_1_31_43_PM,219.7491,432,15-20,complete_dynamic,0,1,20.0,9.469392776489258,0.0,0.0,0.0,high_error,10.611533449785743
dynamic,120.0,2,PA22,PA22_RoF_Foward_Texture_1_31_43_PM,220.269,433,15-20,complete_dynamic,0,1,20.0,9.458388328552246,0.0,0.0,0.0,high_error,10.611533449785743
dynamic,120.0,2,PA22,PA22_RoF_Foward_Texture_1_31_43_PM,220.7761,434,15-20,complete_dynamic,0,1,20.0,9.451274871826172,0.0,0.0,0.0,high_error,10.611533449785743
dynamic,120.0,2,PA22,PA22_RoF_Foward_Texture_1_31_43_PM,221.2765,435,15-20,complete_dynamic,0,1,20.0,9.445232391357422,0.0,0.0,0.0,high_error,10.611533449785743
dynamic,120.0,2,PA22,PA22_RoF_Foward_Texture_1_31_43_PM,221.7893,436,15-20,complete_dynamic,0,1,20.0,9.454164505004883,0.0,0.0,0.0,high_error,10.611533449785743
dynamic,120.0,2,PA22,PA22_RoF_Foward_Texture_1_31_43_PM,222.2897,437,15-20,complete_dynamic,0,1,20.0,9.465603828430176,0.0,0.0,0.0,high_error,10.611533449785743
dynamic,120.0,2,PA22,PA22_RoF_Foward_Texture_1_31_43_PM,222.7937,438,15-20,complete_dynamic,0,1,20.0,9.471267700195312,0.0,0.0,0.0,high_error,10.611533449785743
dynamic,120.0,2,PA22,PA22_RoF_Foward_Texture_1_31_43_PM,223.3043,439,15-20,complete_dynamic,0,1,20.0,9.470193862915039,0.0,0.0,0.0,high_error,10.611533449785743
dynamic,120.0,2,PA22,PA22_RoF_Foward_Texture_1_31_43_PM,223.8103,440,15-20,complete_dynamic,0,1,20.0,9.41031551361084,0.0,0.0,0.0,high_error,10.611533449785743
dynamic,120.0,2,PA22,PA22_RoF_Foward_Texture_1_31_43_PM,224.3236,441,15-20,complete_dynamic,0,1,20.0,9.393027305603027,0.0,0.0,0.0,high_error,10.611533449785743
dynamic,120.0,2,PA22,PA22_RoF_Foward_Texture_1_31_43_PM,224.831,442,15-20,complete_dynamic,0,1,20.0,9.379104614257812,0.0,0.0,0.0,high_error,10.611533449785743
dynamic,120.0,2,PA22,PA22_RoF_Foward_Texture_1_31_43_PM,225.332,443,15-20,complete_dynamic,0,1,20.0,9.35737419128418,0.0,0.0,0.0,high_error,10.611533449785743
dynamic,120.0,2,PA22,PA22_RoF_Foward_Texture_1_31_43_PM,225.8451,444,15-20,complete_dynamic,0,1,20.0,9.340509414672852,0.0,0.0,0.0,high_error,10.611533449785743
dynamic,120.0,2,PA22,PA22_RoF_Foward_Texture_1_31_43_PM,226.3602,445,15-20,complete_dynamic,0,1,20.0,9.391195297241211,0.0,0.0,0.0,high_error,10.611533449785743
dynamic,120.0,2,PA22,PA22_RoF_Foward_Texture_1_31_43_PM,226.8717,446,15-20,complete_dynamic,0,1,20.0,9.425392150878906,0.0,0.0,0.0,high_error,10.611533449785743
dynamic,120.0,2,PA22,PA22_RoF_Foward_Texture_1_31_43_PM,227.3725,447,15-20,complete_dynamic,0,1,20.0,9.47884464263916,0.0,0.0,0.0,high_error,10.611533449785743
dynamic,120.0,2,PA22,PA22_RoF_Foward_Texture_1_31_43_PM,227.8867,448,15-20,complete_dynamic,0,1,20.0,9.488306045532227,0.0,0.0,0.0,high_error,10.611533449785743
dynamic,120.0,2,PA22,PA22_RoF_Foward_Texture_1_31_43_PM,228.3934,449,15-20,complete_dynamic,0,1,20.0,9.478068351745605,0.0,0.0,0.0,high_error,10.611533449785743
dynamic,120.0,2,PA22,PA22_RoF_Foward_Texture_1_31_43_PM,228.9085,450,15-20,complete_dynamic,0,1,20.0,9.438432693481445,0.0,0.0,0.0,high_error,10.611533449785743
dynamic,120.0,2,PA22,PA22_RoF_Foward_Texture_1_31_43_PM,229.4144,451,15-20,complete_dynamic,0,1,20.0,9.416107177734375,0.0,0.0,0.0,high_error,10.611533449785743
dynamic,120.0,2,PA22,PA22_RoF_Foward_Texture_1_31_43_PM,229.9271,452,15-20,complete_dynamic,0,1,20.0,9.389420509338379,0.0,0.0,0.0,high_error,10.611533449785743
dynamic,120.0,2,PA22,PA22_RoF_Foward_Texture_1_31_43_PM,230.4283,453,15-20,complete_dynamic,0,1,20.0,9.348398208618164,0.0,0.0,0.0,high_error,10.611533449785743
dynamic,120.0,2,PA22,PA22_RoF_Foward_Texture_1_31_43_PM,230.9422,454,15-20,complete_dynamic,0,1,20.0,9.303865432739258,0.0,0.0,0.0,high_error,10.611533449785743
dynamic,120.0,2,PA22,PA22_RoF_Foward_Texture_1_31_43_PM,231.4434,455,15-20,complete_dynamic,0,1,20.0,9.249811172485352,0.0,0.0,0.0,high_error,10.611533449785743
dynamic,120.0,2,PA22,PA22_RoF_Foward_Texture_1_31_43_PM,231.9436,456,15-20,complete_dynamic,0,1,20.0,9.192842483520508,0.0,0.0,0.0,high_error,10.611533449785743
dynamic,120.0,2,PA22,PA22_RoF_Foward_Texture_1_31_43_PM,232.4572,457,15-20,complete_dynamic,0,1,20.0,9.12228775024414,0.0,0.0,0.0,high_error,10.611533449785743
dynamic,120.0,2,PA22,PA22_RoF_Foward_Texture_1_31_43_PM,232.9594,458,15-20,complete_dynamic,0,1,20.0,9.050281524658203,0.0,0.0,0.0,high_error,10.611533449785743
dynamic,120.0,2,PA22,PA22_RoF_Foward_Texture_1_31_43_PM,233.474,459,15-20,complete_dynamic,0,1,20.0,8.979455947875977,0.0,0.0,0.0,high_error,10.611533449785743
