duration_seconds,fold,model,metric_slice,window_count,window_mae,window_rmse,window_r2,session_macro_mae,session_macro_rmse,raw_pa_id_group_macro_mae,raw_pa_id_group_macro_rmse,train_time_seconds,inference_latency_ms_per_window,parameter_count
10.0,0,mean_fms,,38454,4.513660623829022,5.680633578319663,-0.03052077996067415,4.527463244379474,5.1818672670415475,5.347048113473848,6.175463573988932,0.0025867819786071777,3.583075544258396e-05,1
10.0,0,mean_fms,fms_bin_0-5,11791,4.934097207612324,5.127885078384259,-12.48548057528054,,,,,,,
10.0,0,mean_fms,fms_bin_10-15,7645,4.6979082921441,4.8840118222896125,-12.376615877788288,,,,,,,
10.0,0,mean_fms,fms_bin_15-20,5946,10.856565815257108,11.05309602781857,-27.372845145079722,,,,,,,
10.0,0,mean_fms,fms_bin_5-10,13072,1.1415021590274692,1.299050905645849,-0.08287057382440532,,,,,,,
10.0,0,mean_fms,complete_dynamic,36577,4.458119427306585,5.591359914985486,-0.022913881554498472,,,,,,,
10.0,0,mean_fms,missing_dynamic,1877,5.595988991012159,7.20271892731782,-0.36394722642124777,,,,,,,
10.0,0,ridge_window_stats,,38454,3.979450171382761,5.079144555963629,0.1761572066771091,4.005898084092414,4.55512829397817,4.6637916281520155,5.410666944179158,21.088159911334515,0.0022585384744176033,37
10.0,0,ridge_window_stats,fms_bin_0-5,11791,3.2840892513117614,3.8808021812145492,-6.7238329444188265,,,,,,,
10.0,0,ridge_window_stats,fms_bin_10-15,7645,3.832620452324505,4.557610051122008,-10.64842402602954,,,,,,,
10.0,0,ridge_window_stats,fms_bin_15-20,5946,9.324352769844962,9.69380957749218,-20.823478250146366,,,,,,,
10.0,0,ridge_window_stats,fms_bin_5-10,13072,2.2613292228133193,2.7226372008672266,-3.756678082313643,,,,,,,
10.0,0,ridge_window_stats,complete_dynamic,36577,3.925575993230237,5.016247997835811,0.1766923063500756,,,,,,,
10.0,0,ridge_window_stats,missing_dynamic,1877,5.029293439515336,6.178288399590628,-0.0035545540268426823,,,,,,,
10.0,0,causal_tcn_linear,,38454,3.9778719393344386,5.077631507597077,0.1766479697630089,4.0044915838255,4.553053175364359,4.661400706674716,5.408014585314016,129.46689358353615,0.005170833911341215,97
10.0,0,causal_tcn_linear,fms_bin_0-5,11791,3.278814593055383,3.878513523346188,-6.71472554973477,,,,,,,
10.0,0,causal_tcn_linear,fms_bin_10-15,7645,3.8297260783046596,4.555223346251174,-10.63622725157213,,,,,,,
10.0,0,causal_tcn_linear,fms_bin_15-20,5946,9.320148729031063,9.689186756748335,-20.80266868674507,,,,,,,
10.0,0,causal_tcn_linear,fms_bin_5-10,13072,2.2650493020954987,2.727094069261078,-3.7722638826995167,,,,,,,
10.0,0,causal_tcn_linear,complete_dynamic,36577,3.924320126649448,5.0151360604762525,0.1770572664233998,,,,,,,
10.0,0,causal_tcn_linear,missing_dynamic,1877,5.021433288603785,6.1703948908133395,-0.0009918681209279967,,,,,,,
10.0,1,mean_fms,,38503,4.396735421208822,5.538288761557669,-0.003598789040072603,4.440386118451109,5.143185301834382,4.162117889988414,4.912083979446612,0.0023403391242027283,3.71472484380664e-05,1
10.0,1,mean_fms,fms_bin_0-5,13179,5.228287646827817,5.416701264367966,-13.628920090432997,,,,,,,
10.0,1,mean_fms,fms_bin_10-15,5788,4.454109318501105,4.650495377626501,-11.09557961789594,,,,,,,
10.0,1,mean_fms,fms_bin_15-20,5716,10.480430275014175,10.642691868628491,-32.04677850550029,,,,,,,
10.0,1,mean_fms,fms_bin_5-10,13820,1.0634860229960488,1.2529862700693735,-0.05677248478545782,,,,,,,
10.0,1,mean_fms,complete_dynamic,36568,4.40091315453474,5.526393072998956,-0.0021660566176722185,,,,,,,
10.0,1,mean_fms,missing_dynamic,1935,4.317783817978241,5.758477255535073,-0.10094945260262778,,,,,,,
10.0,1,ridge_window_stats,,38503,3.954254435907777,4.9197287780368075,0.20806186013084793,3.9726859549002893,4.494550003544566,3.9975510738704667,4.638698432806327,20.97350960224867,0.0022626226884533644,37
10.0,1,ridge_window_stats,fms_bin_0-5,13179,3.694207467924711,4.317838537671258,-8.295554358944997,,,,,,,
10.0,1,ridge_window_stats,fms_bin_10-15,5788,3.903467442523122,4.688800780534251,-11.295659043844026,,,,,,,
10.0,1,ridge_window_stats,fms_bin_15-20,5716,8.668492519901585,8.955025392764513,-22.396979579265132,,,,,,,
10.0,1,ridge_window_stats,fms_bin_5-10,13820,2.2736849149706724,2.6977775221074576,-3.898928899535689,,,,,,,
10.0,1,ridge_window_stats,complete_dynamic,36568,3.9157873487643107,4.884337482433159,0.21716997637186608,,,,,,,
10.0,1,ridge_window_stats,missing_dynamic,1935,4.681212804208948,5.546259939323446,-0.02129806302821624,,,,,,,
10.0,1,causal_tcn_linear,,38503,3.9522690524908666,4.91767959674147,0.20872144399181736,3.97054418012843,4.492164646286149,3.9984021399264518,4.639608436903362,129.4899175465107,0.005122296703891859,97
10.0,1,causal_tcn_linear,fms_bin_0-5,13179,3.689979335971794,4.314962260251086,-8.28317423507343,,,,,,,
10.0,1,causal_tcn_linear,fms_bin_10-15,5788,3.8989936837225727,4.686063321979166,-11.281306106662818,,,,,,,
10.0,1,causal_tcn_linear,fms_bin_15-20,5716,8.662188501065582,8.9490117443635,-22.365566164005,,,,,,,
10.0,1,causal_tcn_linear,fms_bin_5-10,13820,2.276666624153936,2.701999220516439,-3.9142733691521467,,,,,,,
10.0,1,causal_tcn_linear,complete_dynamic,36568,3.91373801819069,4.8825810793546305,0.21773288499574772,,,,,,,
10.0,1,causal_tcn_linear,missing_dynamic,1935,4.680435906386718,5.539320423381722,-0.01874395253910044,,,,,,,
10.0,2,mean_fms,,38361,4.271647831571653,5.0685133389472306,-0.06409976225100911,4.269753504627946,4.862680086171187,4.668541322981122,5.238470581894241,0.0023705288767814636,4.070773804257074e-05,1
10.0,2,mean_fms,fms_bin_0-5,16880,5.429276762335379,5.590984646207148,-16.540966086212816,,,,,,,
10.0,2,mean_fms,fms_bin_10-15,5197,4.397230703691547,4.586027111968747,-11.400684092155279,,,,,,,
10.0,2,mean_fms,fms_bin_15-20,3365,9.598916039927827,9.731461873053993,-35.9615135502504,,,,,,,
10.0,2,mean_fms,fms_bin_5-10,12919,1.320979199416992,1.5203601954408676,-0.48531273407927267,,,,,,,
10.0,2,mean_fms,complete_dynamic,36448,4.262483777856372,5.060015439346593,-0.07817565049194619,,,,,,,
10.0,2,mean_fms,missing_dynamic,1913,4.446248683545575,5.2277839408426185,-0.039116058386603036,,,,,,,
10.0,2,ridge_window_stats,,38361,3.7515776758870834,4.50490479677843,0.15939417848934911,3.7499030217963516,4.2564366504529785,4.333865207669116,4.954010942421724,20.862729258835316,0.0022677290269000412,37
10.0,2,ridge_window_stats,fms_bin_0-5,16880,4.157995613996438,4.767255369318908,-11.753040614623655,,,,,,,
10.0,2,ridge_window_stats,fms_bin_10-15,5197,3.1048257214626562,3.769180995075082,-7.376573306195578,,,,,,,
10.0,2,ridge_window_stats,fms_bin_15-20,3365,7.6349766892598945,7.936047538908246,-23.581144366412477,,,,,,,
10.0,2,ridge_window_stats,fms_bin_5-10,12919,2.4692181613625235,2.9062091136517267,-4.427235206221543,,,,,,,
10.0,2,ridge_window_stats,complete_dynamic,36448,3.7115536723216067,4.456358122730242,0.16373098776973916,,,,,,,
10.0,2,ridge_window_stats,missing_dynamic,1913,4.514146877117546,5.3462965264739015,-0.08676309336633237,,,,,,,
10.0,2,causal_tcn_linear,,38361,3.749566240923444,4.503788817257055,0.1598106057965567,3.7478704321509446,4.254570269727544,4.331696709337386,4.954322850904642,130.1289417296648,0.005145188856944032,97
10.0,2,causal_tcn_linear,fms_bin_0-5,16880,4.154341560128639,4.765872852280493,-11.74564485416456,,,,,,,
10.0,2,causal_tcn_linear,fms_bin_10-15,5197,3.1003595399378994,3.7664319139121036,-7.364358725820823,,,,,,,
10.0,2,causal_tcn_linear,fms_bin_15-20,3365,7.631272197436215,7.932411841115257,-23.55862707662063,,,,,,,
10.0,2,causal_tcn_linear,fms_bin_5-10,12919,2.470781450550641,2.9080544085685536,-4.4341294306951715,,,,,,,
10.0,2,causal_tcn_linear,complete_dynamic,36448,3.7096681007096666,4.455327606679053,0.16411771117651786,,,,,,,
10.0,2,causal_tcn_linear,missing_dynamic,1913,4.509737393308471,5.343805698087442,-0.08575068794886942,,,,,,,
10.0,3,mean_fms,,38503,4.070313505976973,4.894592234912112,-0.03866526382143731,4.073402792989589,4.701815080226666,4.527744286231256,5.259914522016768,0.00236569344997406,3.703772376160329e-05,1
10.0,3,mean_fms,fms_bin_0-5,14824,5.551522430395252,5.722028738192707,-16.033303267483,,,,,,,
10.0,3,mean_fms,fms_bin_10-15,5931,4.219823447453784,4.408549260721407,-10.935241027580732,,,,,,,
10.0,3,mean_fms,fms_bin_15-20,3527,9.01881661321317,9.109615739920013,-49.414816894004495,,,,,,,
10.0,3,mean_fms,fms_bin_5-10,14221,1.236648150682164,1.4303984417848592,-0.40300848334885897,,,,,,,
10.0,3,mean_fms,complete_dynamic,36895,4.003136990714437,4.793079453177667,-0.0609573157661345,,,,,,,
10.0,3,mean_fms,missing_dynamic,1608,5.611655253877131,6.820653924629776,-0.43272290349687204,,,,,,,
10.0,3,ridge_window_stats,,38503,3.5424148208180033,4.211410679168653,0.23105060052303328,3.545444443225338,4.044606046443234,4.051610502771665,4.7018026746414225,20.97809622436762,0.0022737210599972956,37
10.0,3,ridge_window_stats,fms_bin_0-5,14824,4.023487084483186,4.530029301064665,-9.67580989674593,,,,,,,
10.0,3,ridge_window_stats,fms_bin_10-15,5931,3.024679746593102,3.7300651828951246,-7.54422429132474,,,,,,,
10.0,3,ridge_window_stats,fms_bin_15-20,3527,6.967918545493498,7.216842829676882,-30.641172802126167,,,,,,,
10.0,3,ridge_window_stats,fms_bin_5-10,14221,2.4072991363883314,2.8121992565176894,-4.422985191188063,,,,,,,
10.0,3,ridge_window_stats,complete_dynamic,36895,3.4711580413261585,4.1183803820024005,0.21671182841731507,,,,,,,
10.0,3,ridge_window_stats,missing_dynamic,1608,5.177376810464809,5.959556765541575,-0.09380044743352078,,,,,,,
10.0,3,causal_tcn_linear,,38503,3.539430577545619,4.2084091991155015,0.2321462732119084,3.5424779824155554,4.0413884013932835,4.049059434033501,4.699551001578227,129.63402116298676,0.005234763646619312,97
10.0,3,causal_tcn_linear,fms_bin_0-5,14824,4.018169381592935,4.525629719072048,-9.655083190770345,,,,,,,
10.0,3,causal_tcn_linear,fms_bin_10-15,5931,3.0168910141447474,3.7250785721643984,-7.521394534398516,,,,,,,
10.0,3,causal_tcn_linear,fms_bin_15-20,3527,6.962038805798184,7.210426803820334,-30.584937590729055,,,,,,,
10.0,3,causal_tcn_linear,fms_bin_5-10,14221,2.4094691752733826,2.814255520197186,-4.430918600787164,,,,,,,
10.0,3,causal_tcn_linear,complete_dynamic,36895,3.4682874381383617,4.1157078976486074,0.21772807557878704,,,,,,,
10.0,3,causal_tcn_linear,missing_dynamic,1608,5.171785135027367,5.951142527128675,-0.09071397609358711,,,,,,,
10.0,4,mean_fms,,38398,4.6288763200155705,5.672966482771579,-0.024563450373952245,4.633694194516433,5.3247338394824615,5.233752127237209,6.069117647336718,0.0023356303572654724,3.753406063045858e-05,1
10.0,4,mean_fms,fms_bin_0-5,11863,5.274459788784332,5.4602661456755435,-13.94775924082601,,,,,,,
10.0,4,mean_fms,fms_bin_10-15,7800,4.668469108865619,4.834735781425009,-13.793474635059628,,,,,,,
10.0,4,mean_fms,fms_bin_15-20,6226,10.27140052962382,10.430109587926614,-32.11112990201377,,,,,,,
10.0,4,mean_fms,fms_bin_5-10,12509,1.1835380697902538,1.338908078570151,-0.06258266664977419,,,,,,,
10.0,4,mean_fms,complete_dynamic,36743,4.502751571122983,5.522712495445187,-0.014557866402756359,,,,,,,
10.0,4,mean_fms,missing_dynamic,1655,7.428998162045304,8.338424288876267,-0.87279996074874,,,,,,,
10.0,4,ridge_window_stats,,38398,4.065097191246639,5.048266805674812,0.18865974693016074,4.068533707866598,4.642841903949877,4.636299157679541,5.482258108831855,20.976524956524372,0.002266365408593152,37
10.0,4,ridge_window_stats,fms_bin_0-5,11863,3.7766243121577765,4.4229879296438135,-8.807989203615564,,,,,,,
10.0,4,ridge_window_stats,fms_bin_10-15,7800,3.734046938879377,4.442759327761321,-11.491951127079451,,,,,,,
10.0,4,ridge_window_stats,fms_bin_15-20,6226,8.64283337249866,8.979336035102252,-23.540573464528386,,,,,,,
10.0,4,ridge_window_stats,fms_bin_5-10,12509,2.266660886875409,2.690485221099344,-3.290643434787599,,,,,,,
10.0,4,ridge_window_stats,complete_dynamic,36743,3.971347307812969,4.939810119093889,0.1883057615298771,,,,,,,
10.0,4,ridge_window_stats,missing_dynamic,1655,6.14645789638469,7.038109377366982,-0.3342445440512194,,,,,,,
10.0,4,causal_tcn_linear,,38398,4.06193871007122,5.045347508925741,0.1895978344827115,4.0653722595975434,4.639188917918761,4.632853026785313,5.479357331893094,129.34288419783115,0.005108870760314979,97
10.0,4,causal_tcn_linear,fms_bin_0-5,11863,3.771321368768442,4.419700917453939,-8.793416701436659,,,,,,,
10.0,4,causal_tcn_linear,fms_bin_10-15,7800,3.728750495408052,4.440202940182997,-11.477579391515947,,,,,,,
10.0,4,causal_tcn_linear,fms_bin_15-20,6226,8.635857707763131,8.97296889876527,-23.50578296825421,,,,,,,
10.0,4,causal_tcn_linear,fms_bin_5-10,12509,2.2687691453272176,2.6920024037036425,-3.295483844211283,,,,,,,
10.0,4,causal_tcn_linear,complete_dynamic,36743,3.968251373618658,4.937149449504918,0.18917991195703487,,,,,,,
10.0,4,causal_tcn_linear,missing_dynamic,1655,6.1419107966429705,7.030985966858739,-0.3315450799438775,,,,,,,
30.0,0,mean_fms,,35346,4.138867966104392,4.962793580629288,-0.01449949480384749,4.129143263001651,4.654882328627381,4.912314954937064,5.501108324361627,0.0022033974528312683,5.033241766914139e-05,1
30.0,0,mean_fms,fms_bin_0-5,11587,5.686244065581744,5.843725371385036,-17.807125924872267,,,,,,,
30.0,0,mean_fms,fms_bin_10-15,6672,3.7851743162416205,4.0063310583011615,-8.314769437043212,,,,,,,
30.0,0,mean_fms,fms_bin_15-20,3981,8.929357048427992,9.083416645052678,-28.73234210749842,,,,,,,
30.0,0,mean_fms,fms_bin_5-10,13106,1.4957625281758447,1.7317789511586787,-0.9605836599534685,,,,,,,
30.0,0,mean_fms,complete_dynamic,32876,4.061394139155555,4.871775903862576,-0.017935365565438843,,,,,,,
30.0,0,mean_fms,missing_dynamic,2470,5.170054012568439,6.045119651732847,-0.00037477880979941425,,,,,,,
30.0,0,ridge_window_stats,,35346,3.763546262487109,4.612020982909429,0.12384294869919776,3.7662637674225694,4.2246105573357156,4.775874468787701,5.413039137830025,19.176394373178482,0.0022761559557889104,37
30.0,0,ridge_window_stats,fms_bin_0-5,11587,4.316397147509119,4.957599023285786,-12.535853080637617,,,,,,,
30.0,0,ridge_window_stats,fms_bin_10-15,6672,3.1662248960638806,3.9881422962240864,-8.23038323457215,,,,,,,
30.0,0,ridge_window_stats,fms_bin_15-20,3981,7.536958162886945,7.912216131086513,-21.55936831790198,,,,,,,
30.0,0,ridge_window_stats,fms_bin_5-10,13106,2.432666678825835,2.919509266344295,-4.572116415730608,,,,,,,
30.0,0,ridge_window_stats,complete_dynamic,32876,3.6227171891647556,4.460349164902079,0.14673621765260447,,,,,,,
30.0,0,ridge_window_stats,missing_dynamic,2470,5.637998333154625,6.291722270365286,-0.0836574440499327,,,,,,,
30.0,0,causal_tcn_linear,,35346,3.7620997641416896,4.610962525556113,0.12424505808288222,3.764887334572213,4.2236853303042725,4.7741250631088645,5.411195204616687,119.55215905606747,0.005238218524827958,97
30.0,0,causal_tcn_linear,fms_bin_0-5,11587,4.313402459925737,4.954612564066962,-12.519549988261643,,,,,,,
30.0,0,causal_tcn_linear,fms_bin_10-15,6672,3.1639467007246367,3.9900952803633842,-8.239425643070563,,,,,,,
30.0,0,causal_tcn_linear,fms_bin_15-20,3981,7.5327326240006744,7.90890678690604,-21.540501011914895,,,,,,,
30.0,0,causal_tcn_linear,fms_bin_5-10,13106,2.433856477705762,2.9208474198142453,-4.577225531708664,,,,,,,
30.0,0,causal_tcn_linear,complete_dynamic,32876,3.6215533495546883,4.4598718438261935,0.14691883070782352,,,,,,,
30.0,0,causal_tcn_linear,missing_dynamic,2470,5.632789612709406,6.2851208226580635,-0.08138463075372471,,,,,,,
30.0,1,mean_fms,,35380,4.702037368521201,5.84977793137808,-0.03238761151649516,4.741873211199091,5.413077078639651,5.200473301841568,5.897801272443071,0.0021034032106399536,3.97428878624605e-05,1
30.0,1,mean_fms,fms_bin_0-5,10128,5.377211298602767,5.5569411308686325,-14.71326008558673,,,,,,,
30.0,1,mean_fms,fms_bin_10-15,6377,4.1502547461869,4.347549982955072,-10.273683023844328,,,,,,,
30.0,1,mean_fms,fms_bin_15-20,7006,10.20463930090542,10.37543792453958,-29.625381404356727,,,,,,,
30.0,1,mean_fms,fms_bin_5-10,11869,1.1743035308327967,1.398843288309382,-0.20454810871113915,,,,,,,
30.0,1,mean_fms,complete_dynamic,32491,4.5278575265372885,5.650527644764047,-0.016869439045444246,,,,,,,
30.0,1,mean_fms,missing_dynamic,2889,6.660942611130278,7.7453510415176945,-0.5108056566381438,,,,,,,
30.0,1,ridge_window_stats,,35380,4.211342621985894,5.263099265679038,0.16430626321478148,4.224652222520021,4.743649857742381,4.526772760351977,5.238636847926647,19.162379436194897,0.0022905222216590506,37
30.0,1,ridge_window_stats,fms_bin_0-5,10128,3.9087464154224687,4.552267700736117,-9.54509006979556,,,,,,,
30.0,1,ridge_window_stats,fms_bin_10-15,6377,3.5869382824503737,4.361425936335902,-10.345761662274272,,,,,,,
30.0,1,ridge_window_stats,fms_bin_15-20,7006,8.797970503767234,9.065481514804294,-22.380316537995867,,,,,,,
30.0,1,ridge_window_stats,fms_bin_5-10,11869,2.0976519920705963,2.481242880153439,-2.789872320934416,,,,,,,
30.0,1,ridge_window_stats,complete_dynamic,32491,4.104319756212884,5.151195120878996,0.15490956026338232,,,,,,,
30.0,1,ridge_window_stats,missing_dynamic,2889,5.414970151176228,6.388024698996344,-0.027683925288581213,,,,,,,
30.0,1,causal_tcn_linear,,35380,4.21207136169315,5.263265518019223,0.16425346609780533,4.2251985658618265,4.74428635382785,4.527465246352054,5.239391505721843,119.30100840330124,0.005163317214573353,97
30.0,1,causal_tcn_linear,fms_bin_0-5,10128,3.907738009674651,4.551188973654615,-9.540093032181236,,,,,,,
30.0,1,causal_tcn_linear,fms_bin_10-15,6377,3.5854260129829782,4.361966071696826,-10.34857203972075,,,,,,,
30.0,1,causal_tcn_linear,fms_bin_15-20,7006,8.796973147984843,9.064461854643554,-22.37505732775907,,,,,,,
30.0,1,causal_tcn_linear,fms_bin_5-10,11869,2.1020859933563694,2.485667527305449,-2.803400862884683,,,,,,,
30.0,1,causal_tcn_linear,complete_dynamic,32491,4.105097508348902,5.15134474991861,0.15486046411988819,,,,,,,
30.0,1,causal_tcn_linear,missing_dynamic,2889,5.415147674953571,6.388345182946695,-0.027787044634991265,,,,,,,
30.0,2,mean_fms,,35185,4.222111977762919,5.1451440075738,-0.009105593609724627,4.209926772306787,4.83013509397966,4.882720068514807,5.550595753617423,0.0021536722779273987,4.054907287439366e-05,1
30.0,2,mean_fms,fms_bin_0-5,9831,5.310607788637025,5.464061859477491,-17.057134684299154,,,,,,,
30.0,2,mean_fms,fms_bin_10-15,7555,4.2437938828685375,4.443438947895655,-10.384091925070617,,,,,,,
30.0,2,mean_fms,fms_bin_15-20,5183,9.298027030408958,9.429347212083638,-35.1538782685968,,,,,,,
30.0,2,mean_fms,fms_bin_5-10,12616,1.2755935228130315,1.487639151187261,-0.5017578464251127,,,,,,,
30.0,2,mean_fms,complete_dynamic,32247,4.138221641644833,5.021866941382096,-0.0016777518292987459,,,,,,,
30.0,2,mean_fms,missing_dynamic,2938,5.142878372854567,6.342646935838826,-0.47422408070860866,,,,,,,
30.0,2,ridge_window_stats,,35185,3.6376305140143876,4.462783538347244,0.2408052626789121,3.628774534582856,4.099131192264527,4.128987499974213,4.719279843407968,20.143394075334072,0.00233498316046967,37
30.0,2,ridge_window_stats,fms_bin_0-5,9831,3.692853892415583,4.2330152097735985,-9.837204793998144,,,,,,,
30.0,2,ridge_window_stats,fms_bin_10-15,7555,3.3344705951911133,4.006427236041951,-8.254958555606997,,,,,,,
30.0,2,ridge_window_stats,fms_bin_15-20,5183,7.68260012441597,7.934960720908882,-24.602430641993458,,,,,,,
30.0,2,ridge_window_stats,fms_bin_5-10,12616,2.1143580554645625,2.4704138038330394,-3.1413708428053857,,,,,,,
30.0,2,ridge_window_stats,complete_dynamic,32247,3.5915664745380553,4.3879555536487285,0.2352454588741587,,,,,,,
30.0,2,ridge_window_stats,missing_dynamic,2938,4.143221760098022,5.213975908737397,0.0037680467892085012,,,,,,,
30.0,2,causal_tcn_linear,,35185,3.6380343652229103,4.463217849289899,0.24065748825811728,3.6291394816063343,4.099220752509507,4.130255180863726,4.720976148446115,119.52831675857306,0.005189239072481204,97
30.0,2,causal_tcn_linear,fms_bin_0-5,9831,3.6916807867551857,4.2328433127594,-9.83632464345322,,,,,,,
30.0,2,causal_tcn_linear,fms_bin_10-15,7555,3.3352082709917106,4.006612946602934,-8.255816568633852,,,,,,,
30.0,2,causal_tcn_linear,fms_bin_15-20,5183,7.6815341426203965,7.93513856173588,-24.603578274255817,,,,,,,
30.0,2,causal_tcn_linear,fms_bin_5-10,12616,2.1163946874788495,2.4724157047686477,-3.1480854857558906,,,,,,,
30.0,2,causal_tcn_linear,complete_dynamic,32247,3.5918144587873946,4.388108636647752,0.23519209782281136,,,,,,,
30.0,2,causal_tcn_linear,missing_dynamic,2938,4.145336381160872,5.217013068022402,0.0026070915318255894,,,,,,,
30.0,3,mean_fms,,35345,4.104002044854039,4.964279162781832,-0.055231000689041965,4.104934760601896,4.69678665823061,4.224452641180032,4.954325898080153,0.002096131443977356,4.260943724826128e-05,1
30.0,3,mean_fms,fms_bin_0-5,12388,5.814275432543427,5.975480616806431,-17.78719143600473,,,,,,,
30.0,3,mean_fms,fms_bin_10-15,5278,3.7954991136670073,4.022107184361422,-8.131836166073377,,,,,,,
30.0,3,mean_fms,fms_bin_15-20,3270,9.386043905793578,9.53962823111629,-30.308675387598644,,,,,,,
30.0,3,mean_fms,fms_bin_5-10,14409,1.5479006400946835,1.7817892825939525,-1.1668299065069756,,,,,,,
30.0,3,mean_fms,complete_dynamic,32717,4.082896223270258,4.9300113645924055,-0.06900112868395136,,,,,,,
30.0,3,mean_fms,missing_dynamic,2628,4.366756673743455,5.372625316332457,-0.0035236078923770453,,,,,,,
30.0,3,ridge_window_stats,,35345,3.692905386973782,4.430214383450988,0.1596027250770753,3.6888258431741985,4.149489937187712,4.172589711152186,4.752897940728392,19.415637724101543,0.002325117832566441,37
30.0,3,ridge_window_stats,fms_bin_0-5,12388,4.441077028686521,4.947035202549037,-11.876747458601479,,,,,,,
30.0,3,ridge_window_stats,fms_bin_10-15,5278,2.7894524211894858,3.4786172633031818,-5.830682942946045,,,,,,,
30.0,3,ridge_window_stats,fms_bin_15-20,3270,7.570985498540721,7.832897633006855,-20.107981030936045,,,,,,,
30.0,3,ridge_window_stats,fms_bin_5-10,14409,2.500508446939695,2.9575774871557536,-4.970138411547885,,,,,,,
30.0,3,ridge_window_stats,complete_dynamic,32717,3.600533137795775,4.330317931960387,0.17525082500611688,,,,,,,
30.0,3,ridge_window_stats,missing_dynamic,2628,4.842883650427625,5.524657048975181,-0.061121545709967195,,,,,,,
30.0,3,causal_tcn_linear,,35345,3.692683078296415,4.429736717661159,0.15978393860414697,3.68857933661334,4.149360253819525,4.172771727480884,4.752777570615128,121.22493191808462,0.005334819336223508,97
30.0,3,causal_tcn_linear,fms_bin_0-5,12388,4.438315987451746,4.9453880663146546,-11.868174151352704,,,,,,,
30.0,3,causal_tcn_linear,fms_bin_10-15,5278,2.791741095957273,3.4796355957865663,-5.834682764677493,,,,,,,
30.0,3,causal_tcn_linear,fms_bin_15-20,3270,7.567118203141587,7.829453526258187,-20.089422852156286,,,,,,,
30.0,3,causal_tcn_linear,fms_bin_5-10,14409,2.5023762177179583,2.9598206762216095,-4.979198007068234,,,,,,,
30.0,3,causal_tcn_linear,complete_dynamic,32717,3.6002601301359154,4.329843022302015,0.17543171697621185,,,,,,,
30.0,3,causal_tcn_linear,missing_dynamic,2628,4.843292513215323,5.524139587546966,-0.060922777261272376,,,,,,,
30.0,4,mean_fms,,35211,4.484918583656471,5.531626350480244,-0.001384186007449717,4.493661141987828,5.091641010567988,4.349202748935686,5.166408302924971,0.0022055357694625854,4.069729680918323e-05,1
30.0,4,mean_fms,fms_bin_0-5,10781,5.539880653544427,5.703148636926306,-16.719236722858135,,,,,,,
30.0,4,mean_fms,fms_bin_10-15,6291,3.9310791885420944,4.1183724043498255,-10.250268587600983,,,,,,,
30.0,4,mean_fms,fms_bin_15-20,5423,10.181235060728946,10.391867342605797,-23.920827998137113,,,,,,,
30.0,4,mean_fms,fms_bin_5-10,12716,1.4351807182933356,1.645230546343642,-0.6252837730578127,,,,,,,
30.0,4,mean_fms,complete_dynamic,32643,4.464136296294569,5.49965299834273,-0.0002748894299495763,,,,,,,
30.0,4,mean_fms,missing_dynamic,2568,4.749091561208682,5.923031885525915,-0.08535212583816998,,,,,,,
30.0,4,ridge_window_stats,,35211,4.15704645010808,5.1245784657235065,0.14056833722985684,4.164963499117072,4.655729498367237,4.217502781054362,4.940299895943292,19.625826589763165,0.0022787735437880333,37
30.0,4,ridge_window_stats,fms_bin_0-5,10781,4.392821524600277,5.000193500523852,-12.620380864582721,,,,,,,
30.0,4,ridge_window_stats,fms_bin_10-15,6291,3.4353183633281072,4.0968493439252285,-10.132985611996276,,,,,,,
30.0,4,ridge_window_stats,fms_bin_15-20,5423,8.656093224504964,9.060529431339983,-17.944468717743643,,,,,,,
30.0,4,ridge_window_stats,fms_bin_5-10,12716,2.395499553149782,2.864787392244364,-3.9278838637978506,,,,,,,
30.0,4,ridge_window_stats,complete_dynamic,32643,4.099380425654347,5.088912284990034,0.14355649517354296,,,,,,,
30.0,4,ridge_window_stats,missing_dynamic,2568,4.890065155810359,5.558037669231765,0.044291405058839994,,,,,,,
30.0,4,causal_tcn_linear,,35211,4.156526409948656,5.123686031043342,0.14086764763817805,4.164444169748602,4.654594549650959,4.2163403106992705,4.938361694087123,118.76580876111984,0.005161559145695233,97
30.0,4,causal_tcn_linear,fms_bin_0-5,10781,4.390468282624695,4.997793556188608,-12.607309245964544,,,,,,,
30.0,4,causal_tcn_linear,fms_bin_10-15,6291,3.4354843663211785,4.097106224753157,-10.13438177767408,,,,,,,
30.0,4,causal_tcn_linear,fms_bin_15-20,5423,8.653784608477244,9.058461696678187,-17.93582293934629,,,,,,,
30.0,4,causal_tcn_linear,fms_bin_5-10,12716,2.3969571237360285,2.866524259840587,-3.9338610448135407,,,,,,,
30.0,4,causal_tcn_linear,complete_dynamic,32643,4.098855147872496,5.088010374646599,0.14386004405109587,,,,,,,
30.0,4,causal_tcn_linear,missing_dynamic,2568,4.889611693418947,5.55725231734446,0.044561469626854255,,,,,,,
60.0,0,mean_fms,,30347,4.424495827455708,5.461696451065043,-0.06953143219060665,4.402823982139694,4.952513009041175,5.203277606007462,5.908933970480952,0.001987859606742859,4.392668070123628e-05,1
60.0,0,mean_fms,fms_bin_0-5,5867,5.545149040852329,5.6912984774574396,-18.72407076210589,,,,,,,
60.0,0,mean_fms,fms_bin_10-15,7137,3.832442138371743,4.06165582081139,-8.117235828324642,,,,,,,
60.0,0,mean_fms,fms_bin_15-20,6317,9.307108236505139,9.469950867838833,-28.329169596143036,,,,,,,
60.0,0,mean_fms,fms_bin_5-10,11026,1.4140797371264293,1.6759471538931605,-0.6059669439589341,,,,,,,
60.0,0,mean_fms,complete_dynamic,27651,4.278969911423648,5.274789314664208,-0.049356258554307475,,,,,,,
60.0,0,mean_fms,missing_dynamic,2696,5.917054100527945,7.1001212213155105,-0.4457510315179316,,,,,,,
60.0,0,ridge_window_stats,,30347,3.895807986367583,4.899247201940161,0.139408325602129,3.896081294995945,4.341627458396065,4.578140118127316,5.235595105891086,16.76795555651188,0.0023282142464370673,37
60.0,0,ridge_window_stats,fms_bin_0-5,5867,3.641889035730835,4.207999217142063,-9.782640541888448,,,,,,,
60.0,0,ridge_window_stats,fms_bin_10-15,7137,3.3274203084159137,3.854515970149454,-7.211011286150876,,,,,,,
60.0,0,ridge_window_stats,fms_bin_15-20,6317,8.251210614467325,8.530125726906906,-22.796614762928108,,,,,,,
60.0,0,ridge_window_stats,fms_bin_5-10,11026,1.903539433784826,2.3100516147418864,-2.0511202802627784,,,,,,,
60.0,0,ridge_window_stats,complete_dynamic,27651,3.780817597436128,4.7656383276651075,0.14344573593483134,,,,,,,
60.0,0,ridge_window_stats,missing_dynamic,2696,5.075184560679258,6.1030106572332965,-0.06819426115552218,,,,,,,
60.0,0,causal_tcn_linear,,30347,3.8929909090984203,4.8966920789983375,0.1403057467916674,3.892740227539931,4.340004684698568,4.576366646259321,5.233445873286307,103.80256605893373,0.005138104710739347,97
60.0,0,causal_tcn_linear,fms_bin_0-5,5867,3.6249843028425524,4.187681839311146,-9.678768799767205,,,,,,,
60.0,0,causal_tcn_linear,fms_bin_10-15,7137,3.3212199621444443,3.8575128599237463,-7.223784387690058,,,,,,,
60.0,0,causal_tcn_linear,fms_bin_15-20,6317,8.24697757204902,8.525231387938224,-22.76931498107205,,,,,,,
60.0,0,causal_tcn_linear,fms_bin_5-10,11026,1.9112196645359587,2.3218695579212616,-2.0824184555589693,,,,,,,
60.0,0,causal_tcn_linear,complete_dynamic,27651,3.7767186594080604,4.761920680731385,0.14478160074941393,,,,,,,
60.0,0,causal_tcn_linear,missing_dynamic,2696,5.085514639138768,6.109686984750793,-0.07053262034244723,,,,,,,
60.0,1,mean_fms,,30605,4.878333027133837,6.001269728912953,-0.03775085092936381,4.926488522992592,5.513031354442755,4.97396491129542,5.684303149910701,0.0018039047718048096,4.283456976868284e-05,1
60.0,1,mean_fms,fms_bin_0-5,7490,5.769976520342539,5.932432818855994,-17.51202032877069,,,,,,,
60.0,1,mean_fms,fms_bin_10-15,5436,3.6393469239161735,3.870715794254626,-7.622517394150366,,,,,,,
60.0,1,mean_fms,fms_bin_15-20,7219,9.864651596271674,10.032937264525183,-29.061358906254725,,,,,,,
60.0,1,mean_fms,fms_bin_5-10,10460,1.4424329260207958,1.708634357218654,-1.0358103317266179,,,,,,,
60.0,1,mean_fms,complete_dynamic,26951,4.759526646641517,5.9020714394642475,-0.034299056870362055,,,,,,,
60.0,1,mean_fms,missing_dynamic,3654,5.754619496935063,6.687634952417819,-0.06562949530658169,,,,,,,
60.0,1,ridge_window_stats,,30605,4.676171705230826,5.726524752443158,0.055092950037915145,4.70421399783667,5.166152924349963,4.859401480483858,5.555583614216333,16.603290356695652,0.0022897972446741413,37
60.0,1,ridge_window_stats,fms_bin_0-5,7490,4.533542900668561,5.1354532744825585,-12.872212252018178,,,,,,,
60.0,1,ridge_window_stats,fms_bin_10-15,5436,3.6221953533889923,4.34200088451859,-9.850039646904476,,,,,,,
60.0,1,ridge_window_stats,fms_bin_15-20,7219,9.010427987479948,9.293286782292006,-24.792360721288823,,,,,,,
60.0,1,ridge_window_stats,fms_bin_5-10,10460,2.3347481003771255,2.768032008375703,-4.342951843813183,,,,,,,
60.0,1,ridge_window_stats,complete_dynamic,26951,4.545991909567733,5.650049809338492,0.05214532230161428,,,,,,,
60.0,1,ridge_window_stats,missing_dynamic,3654,5.636345671546387,6.261801605805341,0.06575728034790385,,,,,,,
60.0,1,causal_tcn_linear,,30605,4.680467769307886,5.728556284805045,0.054422403822659504,4.709288555479587,5.1680723333508665,4.861952057456959,5.550998952606202,104.04481860250235,0.0052383816177949,97
60.0,1,causal_tcn_linear,fms_bin_0-5,7490,4.519695767561708,5.126879225398377,-12.82592938987021,,,,,,,
60.0,1,causal_tcn_linear,fms_bin_10-15,5436,3.6341860723905324,4.356510423463142,-9.922675334963275,,,,,,,
60.0,1,causal_tcn_linear,fms_bin_15-20,7219,9.010089987305628,9.292154932951439,-24.786078489950274,,,,,,,
60.0,1,causal_tcn_linear,fms_bin_5-10,10460,2.3512351503588755,2.7824492479106775,-4.398754105158254,,,,,,,
60.0,1,causal_tcn_linear,complete_dynamic,26951,4.551116482861402,5.6536671467762,0.050931241750012624,,,,,,,
60.0,1,causal_tcn_linear,missing_dynamic,3654,5.6345308566145915,6.253277922628495,0.06829896711206185,,,,,,,
60.0,2,mean_fms,,30516,4.153297827361375,4.930975562644137,-0.01490012225035775,4.131115571360936,4.659569814256928,4.49743208952852,5.184434806634492,0.0018116012215614319,3.785620566698245e-05,1
60.0,2,mean_fms,fms_bin_0-5,8696,5.959645547261361,6.1011706315263625,-20.808019241779032,,,,,,,
60.0,2,mean_fms,fms_bin_10-15,6481,3.460425445763183,3.6919877875103677,-7.2300027565013565,,,,,,,
60.0,2,mean_fms,fms_bin_15-20,3625,8.599754731899612,8.76231772356938,-26.202871256614888,,,,,,,
60.0,2,mean_fms,fms_bin_5-10,11714,1.819688458566759,2.099160857344271,-1.9594718870896943,,,,,,,
60.0,2,mean_fms,complete_dynamic,26086,4.031363520920497,4.730846208039172,-0.03734777745614837,,,,,,,
60.0,2,mean_fms,missing_dynamic,4430,4.871306476981412,5.974996480855717,-0.039884150984838884,,,,,,,
60.0,2,ridge_window_stats,,30516,3.806173721130505,4.545329263123799,0.13764059885742563,3.782861544329833,4.245022898350303,4.221216747399196,4.912978117560224,16.53366929292679,0.002283603197110404,37
60.0,2,ridge_window_stats,fms_bin_0-5,8696,4.824087768601116,5.353015747651645,-15.787534628753377,,,,,,,
60.0,2,ridge_window_stats,fms_bin_10-15,6481,2.8053926143918138,3.4006575068166245,-5.9824085838360865,,,,,,,
60.0,2,ridge_window_stats,fms_bin_15-20,3625,7.251608300644808,7.510059474675246,-18.983129615803435,,,,,,,
60.0,2,ridge_window_stats,fms_bin_5-10,11714,2.5379973036155774,2.949061400603315,-4.841043080169233,,,,,,,
60.0,2,ridge_window_stats,complete_dynamic,26086,3.659423872295274,4.339840523413641,0.12704016522698025,,,,,,,
60.0,2,ridge_window_stats,missing_dynamic,4430,4.670308384046131,5.604572466337747,0.08505575607872229,,,,,,,
60.0,2,causal_tcn_linear,,30516,3.8011388034425084,4.543345723493695,0.13839308595797528,3.7777577406712517,4.242330929563253,4.217627623261095,4.911438876044053,102.85289034247398,0.00514114330020859,97
60.0,2,causal_tcn_linear,fms_bin_0-5,8696,4.824501205551321,5.358498263305781,-15.821939554121336,,,,,,,
60.0,2,causal_tcn_linear,fms_bin_10-15,6481,2.804379669092923,3.4031788745131184,-5.9927664313863,,,,,,,
60.0,2,causal_tcn_linear,fms_bin_15-20,3625,7.228979374051741,7.493336485489592,-18.894234022545117,,,,,,,
60.0,2,causal_tcn_linear,fms_bin_5-10,11714,2.532137133007431,2.9452598903586478,-4.825993903180319,,,,,,,
60.0,2,causal_tcn_linear,complete_dynamic,26086,3.6527366059405386,4.336498737422001,0.12838404952664872,,,,,,,
60.0,2,causal_tcn_linear,missing_dynamic,4430,4.675003300967546,5.608723757650144,0.08369986077284963,,,,,,,
60.0,3,mean_fms,,30505,3.905859735497719,4.62446201052724,-0.1783750125732575,3.8970527552514107,4.4212538295105075,4.089971882204312,4.669029870173635,0.0018009468913078308,3.957637039057018e-05,1
60.0,3,mean_fms,fms_bin_0-5,9576,6.284320094002753,6.423034725393555,-22.40470174866904,,,,,,,
60.0,3,mean_fms,fms_bin_10-15,4906,3.0604617205702844,3.304387608399877,-6.032924383808903,,,,,,,
60.0,3,mean_fms,fms_bin_15-20,2154,7.76483599026679,7.849016562044669,-45.87146693672039,,,,,,,
60.0,3,mean_fms,fms_bin_5-10,13869,1.9633369447694209,2.263193421602172,-2.4474611453988415,,,,,,,
60.0,3,mean_fms,complete_dynamic,26908,3.849504606648412,4.55444244082325,-0.2813722657905464,,,,,,,
60.0,3,mean_fms,missing_dynamic,3597,4.327434327398709,5.117958855967345,-0.01943702144871584,,,,,,,
60.0,3,ridge_window_stats,,30505,3.5996701666452537,4.245990316156146,0.006611584393699466,3.5901770281624255,4.021583302202904,3.765818301318577,4.338510950560963,17.345456428825855,0.002288762183877957,37
60.0,3,ridge_window_stats,fms_bin_0-5,9576,5.035825998596254,5.5065904403707275,-16.202363648869046,,,,,,,
60.0,3,ridge_window_stats,fms_bin_10-15,4906,2.2189936843992997,2.8184787858909064,-4.116624180530639,,,,,,,
60.0,3,ridge_window_stats,fms_bin_15-20,2154,6.266612784360464,6.430180278376884,-30.45751070674569,,,,,,,
60.0,3,ridge_window_stats,fms_bin_5-10,13869,2.682255513575626,3.079854401666605,-5.384345886993276,,,,,,,
60.0,3,ridge_window_stats,complete_dynamic,26908,3.554393748924742,4.1804955991316755,-0.07959390829846003,,,,,,,
60.0,3,ridge_window_stats,missing_dynamic,3597,3.93836848413867,4.707116703316273,0.13766353230099737,,,,,,,
60.0,3,causal_tcn_linear,,30505,3.5982329403147335,4.244991247624223,0.007079011905470334,3.5889969626913776,4.0231999493548205,3.7690769670239583,4.3396913654955265,104.19172852486372,0.005240347605809836,97
60.0,3,causal_tcn_linear,fms_bin_0-5,9576,5.029564242273459,5.499729529967657,-16.159523945663455,,,,,,,
60.0,3,causal_tcn_linear,fms_bin_10-15,4906,2.2209425945159524,2.8162598926741302,-4.108571060719059,,,,,,,
60.0,3,causal_tcn_linear,fms_bin_15-20,2154,6.252152073620861,6.421636008103272,-30.373966268867584,,,,,,,
60.0,3,causal_tcn_linear,fms_bin_5-10,13869,2.684974311415123,3.088763644102103,-5.421335917797549,,,,,,,
60.0,3,causal_tcn_linear,complete_dynamic,26908,3.552339439467671,4.178875324469659,-0.07875721340005182,,,,,,,
60.0,3,causal_tcn_linear,missing_dynamic,3597,3.941547458188714,4.710236440405841,0.13652009153043698,,,,,,,
60.0,4,mean_fms,,30352,4.616367163088354,5.589327987892063,-0.0006122114576159188,4.610595991269944,5.175306379045001,5.064747757039836,5.780861465558356,0.0018548443913459778,3.86516051538756e-05,1
60.0,4,mean_fms,fms_bin_0-5,8955,6.13439952933103,6.287304561444988,-19.812585701649255,,,,,,,
60.0,4,mean_fms,fms_bin_10-15,5846,3.4176558591781028,3.639654274681246,-7.455342175966175,,,,,,,
60.0,4,mean_fms,fms_bin_15-20,4915,9.584719860996806,9.819180334569417,-20.19296897226204,,,,,,,
60.0,4,mean_fms,fms_bin_5-10,10636,1.701195381660796,2.0081819152842657,-1.4157856745719335,,,,,,,
60.0,4,mean_fms,complete_dynamic,27270,4.544635748722646,5.508011446618728,-0.0012807652272324166,,,,,,,
60.0,4,mean_fms,missing_dynamic,3082,5.251057516675655,6.262997219493664,-0.0037238969961654877,,,,,,,
60.0,4,ridge_window_stats,,30352,4.2260261005559165,5.19040147315067,0.137123758733956,4.215086668059854,4.70049721071411,4.921910796515182,5.535093801509249,16.85183209180832,0.0023062256963616245,37
60.0,4,ridge_window_stats,fms_bin_0-5,8955,5.212093445083957,5.732761792846442,-16.30313655371534,,,,,,,
60.0,4,ridge_window_stats,fms_bin_10-15,5846,2.867658171602573,3.4488212228199955,-6.591931606968384,,,,,,,
60.0,4,ridge_window_stats,fms_bin_15-20,4915,8.388645739450622,8.750955624687457,-15.832642243583987,,,,,,,
60.0,4,ridge_window_stats,fms_bin_5-10,10636,2.2188345169948653,2.698799770884194,-3.3630845335831596,,,,,,,
60.0,4,ridge_window_stats,complete_dynamic,27270,4.086484733429764,5.069552657394089,0.15178591084972115,,,,,,,
60.0,4,ridge_window_stats,missing_dynamic,3082,5.460709125062797,6.157200547072218,0.029900178003338662,,,,,,,
60.0,4,causal_tcn_linear,,30352,4.2222007827866355,5.182658063582541,0.13969643837404033,4.211130404243865,4.692305981205372,4.919779602852074,5.528861348462129,103.13511987030506,0.005169890665841467,97
60.0,4,causal_tcn_linear,fms_bin_0-5,8955,5.201754937192607,5.723484752686301,-16.247180274265016,,,,,,,
60.0,4,causal_tcn_linear,fms_bin_10-15,5846,2.8679247730549147,3.450859238796048,-6.600906876191655,,,,,,,
60.0,4,causal_tcn_linear,fms_bin_15-20,4915,8.365435671476426,8.729145475586861,-15.748842265569415,,,,,,,
60.0,4,causal_tcn_linear,fms_bin_5-10,10636,2.227201781496275,2.7041140429722295,-3.3802843623894674,,,,,,,
60.0,4,causal_tcn_linear,complete_dynamic,27270,4.081903317374061,5.060986430934118,0.15465001174544235,,,,,,,
60.0,4,causal_tcn_linear,missing_dynamic,3082,5.463573878763612,6.155317532874406,0.03049344515415575,,,,,,,
